Workbook

Sheet 등록현황
F2: 병원당 최소 1020개 이상 리뷰 등록
A3: 1열 | B3: 목표 등록 수량 | C3: 어드민 등록 수량 | D3: 잔여 수량 | E3: 리뷰 등록 병원 | F3: 리뷰 등록 필요 병원
A4: *눈* | B4: =COUNTIFS('어드민 등록 병원 DB'!O:O, A4, '어드민 등록 병원 DB'!M:M, "O")+COUNTIFS('어드민 등록 병원 DB'!O:O,A4,#REF!,"△ 추가 예정") -> #VALUE! | C4: =COUNTIFS('어드민 등록 병원 DB'!O:O, A4, '어드민 등록 병원 DB'!F:F, "O") -> 18 | D4: =B4-C4 -> #VALUE! | E4: =COUNTIFS('어드민 등록 병원 DB'!O:O, A4, #REF!, "<>") -> #VALUE! | F4: =B4-E4 -> #VALUE!
A5: *코* | B5: =COUNTIFS('어드민 등록 병원 DB'!O:O, A5, #REF!, "O")+COUNTIFS('어드민 등록 병원 DB'!O:O,A5,#REF!,"△ 추가 예정") -> #VALUE! | C5: =COUNTIFS('어드민 등록 병원 DB'!O:O, A5, '어드민 등록 병원 DB'!F:F, "O") -> 13 | D5: =B5-C5 -> #VALUE! | E5: =COUNTIFS('어드민 등록 병원 DB'!O:O, A5, #REF!, "<>") -> #VALUE! | F5: =B5-E5 -> #VALUE!
A6: *안면윤곽* | B6: =COUNTIFS('어드민 등록 병원 DB'!O:O, A6, #REF!, "O")+COUNTIFS('어드민 등록 병원 DB'!O:O,A6,#REF!,"△ 추가 예정") -> #VALUE! | C6: =COUNTIFS('어드민 등록 병원 DB'!O:O, A6, '어드민 등록 병원 DB'!F:F, "O") -> 12 | D6: =B6-C6 -> #VALUE! | E6: =COUNTIFS('어드민 등록 병원 DB'!O:O, A6, #REF!, "<>") -> #VALUE! | F6: =B6-E6 -> #VALUE!
A7: *가슴* | B7: =COUNTIFS('어드민 등록 병원 DB'!O:O, A7, #REF!, "O")+COUNTIFS('어드민 등록 병원 DB'!O:O,A7,#REF!,"△ 추가 예정") -> #VALUE! | C7: =COUNTIFS('어드민 등록 병원 DB'!O:O, A7, '어드민 등록 병원 DB'!F:F, "O") -> 12 | D7: =B7-C7 -> #VALUE! | E7: =COUNTIFS('어드민 등록 병원 DB'!O:O, A7, #REF!, "<>") -> #VALUE! | F7: =B7-E7 -> #VALUE!
A8: *지방성형* | B8: =COUNTIFS('어드민 등록 병원 DB'!O:O, A8, #REF!, "O")+COUNTIFS('어드민 등록 병원 DB'!O:O,A8,#REF!,"△ 추가 예정") -> #VALUE! | C8: =COUNTIFS('어드민 등록 병원 DB'!O:O, A8, '어드민 등록 병원 DB'!F:F, "O") -> 0 | D8: =B8-C8 -> #VALUE! | E8: =COUNTIFS('어드민 등록 병원 DB'!O:O, A8, #REF!, "<>") -> #VALUE! | F8: =B8-E8 -> #VALUE!
A9: *모발이식* | B9: =COUNTIFS('어드민 등록 병원 DB'!O:O, A9, #REF!, "O")+COUNTIFS('어드민 등록 병원 DB'!O:O,A9,#REF!,"△ 추가 예정") -> #VALUE! | C9: =COUNTIFS('어드민 등록 병원 DB'!O:O, A9, '어드민 등록 병원 DB'!F:F, "O") -> 12 | D9: =B9-C9 -> #VALUE! | E9: =COUNTIFS('어드민 등록 병원 DB'!O:O, A9, #REF!, "<>") -> #VALUE! | F9: =B9-E9 -> #VALUE!
A10: *피부과* | B10: =COUNTIFS('어드민 등록 병원 DB'!O:O, A10, #REF!, "O")+COUNTIFS('어드민 등록 병원 DB'!O:O,A10,#REF!,"△ 추가 예정") -> #VALUE! | C10: =COUNTIFS('어드민 등록 병원 DB'!O:O, A10, '어드민 등록 병원 DB'!F:F, "O") -> 18 | D10: =B10-C10 -> #VALUE! | E10: =COUNTIFS('어드민 등록 병원 DB'!O:O, A10, #REF!, "<>") -> #VALUE! | F10: =B10-E10 -> #VALUE!
A11: *리프팅* | B11: =COUNTIFS('어드민 등록 병원 DB'!O:O, A11, #REF!, "O")+COUNTIFS('어드민 등록 병원 DB'!O:O,A11,#REF!,"△ 추가 예정") -> #VALUE! | C11: =COUNTIFS('어드민 등록 병원 DB'!O:O, A11, '어드민 등록 병원 DB'!F:F, "O") -> 7 | D11: =B11-C11 -> #VALUE! | E11: =COUNTIFS('어드민 등록 병원 DB'!O:O, A11, #REF!, "<>") -> #VALUE! | F11: =B11-E11 -> #VALUE!
A12: *줄기세포* | B12: =COUNTIFS('어드민 등록 병원 DB'!O:O, A12, #REF!, "O")+COUNTIFS('어드민 등록 병원 DB'!O:O,A12,#REF!,"△ 추가 예정") -> #VALUE! | C12: =COUNTIFS('어드민 등록 병원 DB'!O:O, A12, '어드민 등록 병원 DB'!F:F, "O") -> 6 | D12: =B12-C12 -> #VALUE! | E12: =COUNTIFS('어드민 등록 병원 DB'!O:O, A12, #REF!, "<>") -> #VALUE! | F12: =B12-E12 -> #VALUE! | H12: *벤셀의원 리뷰 없음
B13: =SUM(카테고리별_병원_등록_진행상황[목표 등록 수량]) -> #VALUE! | C13: =SUM(카테고리별_병원_등록_진행상황[어드민 등록 수량]) -> 98 | D13: =SUM(카테고리별_병원_등록_진행상황[잔여 수량]) -> #VALUE! | E13: =SUM(카테고리별_병원_등록_진행상황[리뷰 등록 병원]) -> #VALUE! | F13: =SUM(카테고리별_병원_등록_진행상황[리뷰 등록 필요 병원]) -> #VALUE!
A17: 의료진 등록 현황
A18: 전체 병원 수 | B18: =counta(D26:D104) -> 79 | C18: 진행속도: | D18: =B21/B18 -> 1
A19: 의료진 조사된 병원 수 | B19: =countif(E26:E104, ">0") -> 79 | C19: 준비속도: | D19: =B19/B18 -> 1
A20: 의료진 조사 필요 병원 수 | B20: =B18-B19 -> 0
A21: (어드민) 등록된 병원수 | B21: =countif(F26:F104, ">0") -> 79
A22: (어드민) 등록 필요 병원수 | B22: =B18-B21 -> 0
A24: 의료진 등록 상황 (총 수) | D24: 병원별 의료진 등록 상황 | I24: 진료과목/병원별 의료진 등록 상황
A25: 의료진 수 (데이터) | B25: 어드민 등록 수 | D25: 병원명 | E25: 의료진 수 (데이터) | F25: 어드민 등록 수 | G25: 어드민 등록 필요 | I25: 진료과목 | J25: 병원명 | K25: 의료진 수 (데이터) | L25: 어드민 등록 수 | M25: 어드민 등록 필요
A26: 213 | B26: 213 | D26: 강남 리슬림의원 | E26: 1 | F26: 1 | G26: =E26-F26 -> 0 | I26: 가슴 총계 | K26: 24 | L26: 24 | M26: =K26-L26 -> 0
D27: 강남로미모의원 | E27: 3 | F27: 3 | G27: =E27-F27 -> 0 | I27: 눈 | J27: 노상훈성형외과의원 | K27: 3 | L27: 3 | M27: =K27-L27 -> 0
D28: 기린성형외과의원 | E28: 2 | F28: 2 | G28: =E28-F28 -> 0 | J28: 땡큐성형외과의원 | K28: 3 | L28: 3 | M28: =K28-L28 -> 0
D29: 나나성형외과의원 | E29: 5 | F29: 5 | G29: =E29-F29 -> 0 | J29: 루비성형외과의원 | K29: 3 | L29: 3 | M29: =K29-L29 -> 0
D30: 노상훈성형외과의원 | E30: 3 | F30: 3 | G30: =E30-F30 -> 0 | J30: 마블성형외과의원 | K30: 3 | L30: 3 | M30: =K30-L30 -> 0
D31: 노트성형외과의원 | E31: 2 | F31: 2 | G31: =E31-F31 -> 0 | J31: 미호성형외과의원 | K31: 3 | L31: 3 | M31: =K31-L31 -> 0
D32: 더난성형외과의원 | E32: 1 | F32: 1 | G32: =E32-F32 -> 0 | J32: 아이큐성형외과의원 | K32: 1 | L32: 1 | M32: =K32-L32 -> 0
D33: 더도어성형외과의원 | E33: 4 | F33: 4 | G33: =E33-F33 -> 0 | J33: 아이팅성형외과의원 | K33: 3 | L33: 3 | M33: =K33-L33 -> 0
D34: 더새로이의원 | E34: 2 | F34: 2 | G34: =E34-F34 -> 0 | J34: 옐로우성형외과의원 | K34: 2 | L34: 2 | M34: =K34-L34 -> 0
D35: 데이뷰의원 강남점 | E35: 5 | F35: 5 | G35: =E35-F35 -> 0 | J35: 일미리성형외과의원 | K35: 4 | L35: 4 | M35: =K35-L35 -> 0
D36: 디에이성형외과의원 | E36: 4 | F36: 4 | G36: =E36-F36 -> 0 | J36: 자연주의성형외과의원 | K36: 4 | L36: 4 | M36: =K36-L36 -> 0
D37: 땡큐성형외과의원 | E37: 3 | F37: 3 | G37: =E37-F37 -> 0 | J37: 제이티성형외과의원 | K37: 3 | L37: 3 | M37: =K37-L37 -> 0
D38: 라비앙성형외과의원 | E38: 4 | F38: 4 | G38: =E38-F38 -> 0 | J38: 처음처럼성형외과의원 | K38: 1 | L38: 1 | M38: =K38-L38 -> 0
D39: 레디성형외과의원 | E39: 1 | F39: 1 | G39: =E39-F39 -> 0 | J39: 티에스성형외과의원 | K39: 5 | L39: 5 | M39: =K39-L39 -> 0
D40: 레스트의원 | E40: 1 | F40: 1 | G40: =E40-F40 -> 0 | J40: 팝성형외과의원 | K40: 5 | L40: 5 | M40: =K40-L40 -> 0
D41: 레아트성형외과의원 | E41: 3 | F41: 3 | G41: =E41-F41 -> 0 | I41: 눈 총계 | K41: 43 | L41: 43 | M41: =K41-L41 -> 0
D42: 로이셀의원 | E42: 1 | F42: 1 | G42: =E42-F42 -> 0 | I42: 눈, 코 | J42: 에이비성형외과의원 | K42: 5 | L42: 5 | M42: =K42-L42 -> 0
D43: 루비성형외과의원 | E43: 3 | F43: 3 | G43: =E43-F43 -> 0 | I43: 눈, 코 총계 | K43: 5 | L43: 5 | M43: =K43-L43 -> 0
D44: 르메디크의원 | E44: 1 | F44: 1 | G44: =E44-F44 -> 0 | I44: 리프팅 | J44: 리팅성형외과의원 | K44: 5 | L44: 5 | M44: =K44-L44 -> 0
D45: 리뉴얼의원 | E45: 1 | F45: 1 | G45: =E45-F45 -> 0 | J45: 압구정미라클의원 | K45: 2 | L45: 2 | M45: =K45-L45 -> 0
D46: 리팅성형외과의원 | E46: 5 | F46: 5 | G46: =E46-F46 -> 0 | I46: 리프팅 총계 | K46: 7 | L46: 7 | M46: =K46-L46 -> 0
D47: 마블성형외과의원 | E47: 3 | F47: 3 | G47: =E47-F47 -> 0 | I47: 모발이식 | J47: 강남로미모의원 | K47: 3 | L47: 3 | M47: =K47-L47 -> 0
D48: 마인드성형외과의원 | E48: 4 | F48: 4 | G48: =E48-F48 -> 0 | J48: 모든모의원 | K48: 1 | L48: 1 | M48: =K48-L48 -> 0
D49: 모든모의원 | E49: 1 | F49: 1 | G49: =E49-F49 -> 0 | J49: 모디헤어플란트의원 | K49: 2 | L49: 2 | M49: =K49-L49 -> 0
D50: 모디헤어플란트의원 | E50: 2 | F50: 2 | G50: =E50-F50 -> 0 | J50: 모앤블레스의원 | K50: 2 | L50: 2 | M50: =K50-L50 -> 0
D51: 모앤블레스의원 | E51: 2 | F51: 2 | G51: =E51-F51 -> 0 | J51: 모우림의원 | K51: 4 | L51: 4 | M51: =K51-L51 -> 0
D52: 모우림의원 | E52: 4 | F52: 4 | G52: =E52-F52 -> 0 | J52: 모제림성형외과의원 | K52: 1 | L52: 1 | M52: =K52-L52 -> 0
D53: 모제림성형외과의원 | E53: 1 | F53: 1 | G53: =E53-F53 -> 0 | J53: 모플러스성형외과의원 | K53: 1 | L53: 1 | M53: =K53-L53 -> 0
D54: 모즈의원 | E54: 4 | F54: 4 | G54: =E54-F54 -> 0 | J54: 서울아이성형외과의원 | K54: 3 | L54: 3 | M54: =K54-L54 -> 0
D55: 모플러스성형외과의원 | E55: 1 | F55: 1 | G55: =E55-F55 -> 0 | J55: 서진성형외과의원 | K55: 1 | L55: 1 | M55: =K55-L55 -> 0
D56: 문의원 | E56: 2 | F56: 2 | G56: =E56-F56 -> 0 | J56: 옥건헤어라인의원 | K56: 1 | L56: 1 | M56: =K56-L56 -> 0
D57: 물방울성형외과의원 | E57: 1 | F57: 1 | G57: =E57-F57 -> 0 | I57: 모발이식 총계 | K57: 19 | L57: 19 | M57: =K57-L57 -> 0
D58: 미호성형외과의원 | E58: 3 | F58: 3 | G58: =E58-F58 -> 0 | I58: 안면윤곽 | J58: 본디성형외과의원 | K58: 1 | L58: 1 | M58: =K58-L58 -> 0
D59: 밴셀의원 | E59: 1 | F59: 1 | G59: =E59-F59 -> 0 | J59: 브라운성형외과의원 | K59: 5 | L59: 5 | M59: =K59-L59 -> 0
D60: 본디성형외과의원 | E60: 1 | F60: 1 | G60: =E60-F60 -> 0 | J60: 새김성형외과의원 | K60: 4 | L60: 4 | M60: =K60-L60 -> 0
D61: 뷰성형외과의원 | E61: 4 | F61: 4 | G61: =E61-F61 -> 0 | J61: 아이루미성형외과의원 | K61: 6 | L61: 6 | M61: =K61-L61 -> 0
D62: 브라운성형외과의원 | E62: 5 | F62: 5 | G62: =E62-F62 -> 0 | J62: 오페라성형외과의원 | K62: 4 | L62: 4 | M62: =K62-L62 -> 0
D63: 뽐나게빼의원 | E63: 2 | F63: 2 | G63: =E63-F63 -> 0 | J63: 우리성형외과의원 | K63: 4 | L63: 4 | M63: =K63-L63 -> 0
D64: 새김성형외과의원 | E64: 4 | F64: 4 | G64: =E64-F64 -> 0 | J64: 이유구강악안면외과치과의원 | K64: 3 | L64: 3 | M64: =K64-L64 -> 0
D65: 서울아이성형외과의원 | E65: 3 | F65: 3 | G65: =E65-F65 -> 0 | J65: 일퍼센트성형외과의원 | K65: 4 | L65: 4 | M65: =K65-L65 -> 0
D66: 서진성형외과의원 | E66: 1 | F66: 1 | G66: =E66-F66 -> 0 | J66: 타코성형외과의원 | K66: 1 | L66: 1 | M66: =K66-L66 -> 0
D67: 셀리크의원 | E67: 1 | F67: 1 | G67: =E67-F67 -> 0 | I67: 안면윤곽 총계 | K67: 32 | L67: 32 | M67: =K67-L67 -> 0
D68: 스노우의원 | E68: 2 | F68: 2 | G68: =E68-F68 -> 0 | I68: 안면윤곽, 가슴 | J68: 아이디병원 | K68: 5 | L68: 5 | M68: =K68-L68 -> 0
D69: 아이디병원 | E69: 5 | F69: 5 | G69: =E69-F69 -> 0 | I69: 안면윤곽, 가슴 총계 | K69: 5 | L69: 5 | M69: =K69-L69 -> 0
D70: 아이루미성형외과의원 | E70: 6 | F70: 6 | G70: =E70-F70 -> 0 | I70: 줄기세포 | J70: 르메디크의원 | K70: 1 | L70: 1 | M70: =K70-L70 -> 0
D71: 아이큐성형외과의원 | E71: 1 | F71: 1 | G71: =E71-F71 -> 0 | J71: 밴셀의원 | K71: 1 | L71: 1 | M71: =K71-L71 -> 0
D72: 아이팅성형외과의원 | E72: 3 | F72: 3 | G72: =E72-F72 -> 0 | J72: 셀리크의원 | K72: 1 | L72: 1 | M72: =K72-L72 -> 0
D73: 압구정미라클의원 | E73: 2 | F73: 2 | G73: =E73-F73 -> 0 | J73: 청담쥬넥스 피부과의원 | K73: 3 | L73: 3 | M73: =K73-L73 -> 0
D74: 에이비성형외과의원 | E74: 5 | F74: 5 | G74: =E74-F74 -> 0 | J74: 티알 트리니티 라파엘로 청담의원 | K74: 3 | L74: 3 | M74: =K74-L74 -> 0
D75: 에이탑성형외과의원 | E75: 3 | F75: 3 | G75: =E75-F75 -> 0 | I75: 줄기세포 총계 | K75: 9 | L75: 9 | M75: =K75-L75 -> 0
D76: 에이트성형외과의원 | E76: 5 | F76: 5 | G76: =E76-F76 -> 0 | I76: 지방성형 | J76: 강남 리슬림의원 | K76: 1 | L76: 1 | M76: =K76-L76 -> 0
D77: 엠디외과의원 | E77: 3 | F77: 3 | G77: =E77-F77 -> 0 | J77: 기린성형외과의원 | K77: 2 | L77: 2 | M77: =K77-L77 -> 0
D78: 엠레드의원 | E78: 5 | F78: 5 | G78: =E78-F78 -> 0 | J78: 더새로이의원 | K78: 2 | L78: 2 | M78: =K78-L78 -> 0
D79: 연세YB의원 | E79: 1 | F79: 1 | G79: =E79-F79 -> 0 | J79: 레디성형외과의원 | K79: 1 | L79: 1 | M79: =K79-L79 -> 0
D80: 옐로우성형외과의원 | E80: 2 | F80: 2 | G80: =E80-F80 -> 0 | J80: 레아트성형외과의원 | K80: 3 | L80: 3 | M80: =K80-L80 -> 0
D81: 오케이성형외과 | E81: 3 | F81: 3 | G81: =E81-F81 -> 0 | J81: 뽐나게빼의원 | K81: 2 | L81: 2 | M81: =K81-L81 -> 0
D82: 오페라성형외과의원 | E82: 4 | F82: 4 | G82: =E82-F82 -> 0 | J82: 스노우의원 | K82: 2 | L82: 2 | M82: =K82-L82 -> 0
D83: 옥건헤어라인의원 | E83: 1 | F83: 1 | G83: =E83-F83 -> 0 | J83: 에이탑성형외과의원 | K83: 3 | L83: 3 | M83: =K83-L83 -> 0
D84: 우리성형외과의원 | E84: 4 | F84: 4 | G84: =E84-F84 -> 0 | J84: 초이스라인의원 | K84: 1 | L84: 1 | M84: =K84-L84 -> 0
D85: 위버스성형외과의원 | E85: 2 | F85: 2 | G85: =E85-F85 -> 0 | J85: G7클리닉 | K85: 2 | L85: 2 | M85: =K85-L85 -> 0
D86: 이유구강악안면외과치과의원 | E86: 3 | F86: 3 | G86: =E86-F86 -> 0 | I86: 지방성형 총계 | K86: 19 | L86: 19 | M86: =K86-L86 -> 0
D87: 일미리성형외과의원 | E87: 4 | F87: 4 | G87: =E87-F87 -> 0 | I87: 코 | J87: 더난성형외과의원 | K87: 1 | L87: 1 | M87: =K87-L87 -> 0
D88: 일퍼센트성형외과의원 | E88: 4 | F88: 4 | G88: =E88-F88 -> 0 | J88: 더도어성형외과의원 | K88: 4 | L88: 4 | M88: =K88-L88 -> 0
D89: 자연주의성형외과의원 | E89: 4 | F89: 4 | G89: =E89-F89 -> 0 | J89: 디에이성형외과의원 | K89: 4 | L89: 4 | M89: =K89-L89 -> 0
D90: 제이티성형외과의원 | E90: 3 | F90: 3 | G90: =E90-F90 -> 0 | J90: 마인드성형외과의원 | K90: 4 | L90: 4 | M90: =K90-L90 -> 0
D91: 처음처럼성형외과의원 | E91: 1 | F91: 1 | G91: =E91-F91 -> 0 | J91: 위버스성형외과의원 | K91: 2 | L91: 2 | M91: =K91-L91 -> 0
D92: 첫단추의원 | E92: 1 | F92: 1 | G92: =E92-F92 -> 0 | J92: 첫단추의원 | K92: 1 | L92: 1 | M92: =K92-L92 -> 0
D93: 청담서클의원 | E93: 2 | F93: 2 | G93: =E93-F93 -> 0 | J93: 프라이빗성형외과의원 | K93: 2 | L93: 2 | M93: =K93-L93 -> 0
D94: 청담쥬넥스 피부과의원 | E94: 3 | F94: 3 | G94: =E94-F94 -> 0 | J94: 히트성형외과의원 | K94: 4 | L94: 4 | M94: =K94-L94 -> 0
D95: 초이스라인의원 | E95: 1 | F95: 1 | G95: =E95-F95 -> 0 | I95: 코 총계 | K95: 22 | L95: 22 | M95: =K95-L95 -> 0
D96: 타코성형외과의원 | E96: 1 | F96: 1 | G96: =E96-F96 -> 0 | I96: 코, 가슴 | J96: 나나성형외과의원 | K96: 5 | L96: 5 | M96: =K96-L96 -> 0
D97: 티알 트리니티 라파엘로 청담의원 | E97: 3 | F97: 3 | G97: =E97-F97 -> 0 | I97: 코, 가슴 총계 | K97: 5 | L97: 5 | M97: =K97-L97 -> 0
D98: 티에스성형외과의원 | E98: 5 | F98: 5 | G98: =E98-F98 -> 0 | I98: 피부과 | J98: 데이뷰의원 강남점 | K98: 5 | L98: 5 | M98: =K98-L98 -> 0
D99: 팝성형외과의원 | E99: 5 | F99: 5 | G99: =E99-F99 -> 0 | J99: 레스트의원 | K99: 1 | L99: 1 | M99: =K99-L99 -> 0
D100: 프라이빗성형외과의원 | E100: 2 | F100: 2 | G100: =E100-F100 -> 0 | J100: 로이셀의원 | K100: 1 | L100: 1 | M100: =K100-L100 -> 0
D101: 허준원M.D.피부과의원 | E101: 1 | F101: 1 | G101: =E101-F101 -> 0 | J101: 리뉴얼의원 | K101: 1 | L101: 1 | M101: =K101-L101 -> 0
D102: 히트성형외과의원 | E102: 4 | F102: 4 | G102: =E102-F102 -> 0 | J102: 모즈의원 | K102: 4 | L102: 4 | M102: =K102-L102 -> 0
D103: G7클리닉 | E103: 2 | F103: 2 | G103: =E103-F103 -> 0 | J103: 문의원 | K103: 2 | L103: 2 | M103: =K103-L103 -> 0
D104: UBA성형외과의원 | E104: 2 | F104: 2 | G104: =E104-F104 -> 0 | J104: 엠레드의원 | K104: 5 | L104: 5 | M104: =K104-L104 -> 0
D105: 총계 | E105: 213 | F105: 213 | G105: =E105-F105 -> 0 | J105: 연세YB의원 | K105: 1 | L105: 1 | M105: =K105-L105 -> 0
...

Sheet 병원 리스트
A1: 병원명 | B1: 시술부위 | C1: 상세 시술/부위 | D1: 계약진행여부 | E1: 정보성 영상 | F1: 리얼후기 영상 | G1: 기타 영상 | H1: 노출 희망 영상 | J1: 병원 단체톡방 여부 | K1: 병원명 | L1: 1. 모델 이미지 | M1: 2. 병원 로고 파일(ai 또는 svg) | N1: 3. 의료진 관련 자료 | O1: 4. 후기 콘텐츠 자료 | P1: 5. 영상 자료 | Q1: 6. 병원 기본 정보 | R1: 7. K-DOC 전용 소통 채널 정보 | S1: 8. 시술 상세 페이지 제작용 자료 | T1: 9. 상담 매뉴얼 | U1: 10. 원내 이미지 | V1: 11. 해외 수가표
A2: 압구정미라클의원 | B2: 리프팅 | D2: 계약완료 | J2: 있음 | K2: 압구정미라클의원 | L2: 완료 | M2: 완료 | N2: 완료 | O2: 완료 | P2: 완료 | Q2: 완료 | R2: 완료 | S2: 완료 | T2: 완료 | U2: 완료 | V2: 진행중 | W2: 압구정미라클의원 | X2: 1. 고화질 보정 모델 이미지 2. 병원 로고 파일(ai 또는 svg 형식) 3. 의료진 관련 자료 · 의사 성명 및 영문명 · 의사 프로필 사진 4. 후기 콘텐츠 자료 · 메인 리뷰에 등록될 사진 · 리뷰용 사진 · 실제 후기 내용 텍스트 5. 영상 자료 · 노출 희망 유튜브 영상 링크 · 병원 자체 제작 영상(홍보 영상 등) 6. 병원 기본 정보 · 병원 대표 연락처 및 이메일 · 기타 연락 가능 채널 7. K-DOC 전용 소통 채널 정보 · 담당자 연락처 및 이메일 · 기타 실시간 커뮤니케이션 수단 8. 시술 상세 페이지 제작용 자료 · 시술 설명 텍스트 · 시술 과정 또는 결과 이미지 9. 상담 매뉴얼 · 내원 고객 상담 프로세스 · 상담 단계별 안내 기준 · 시술별 상담 포인트(주의사항, 권장 대상 등) · 상담 시 사용되는 자료 또는 가이드 · 상담실 담당자 연락 가능 시간 및 운영 방식 10. 원내 이미지 11. 해외 수가표
A3: 스마일러치과의원 | B3: 치과 | D3: 알수없음 | E3: https://www.youtube.com/watch?v=T-2x8qS6p8o | F3: X | G3: X | J3: 없음 | K3: 스마일러치과의원 | L3: 진행중 | M3: 진행중 | N3: 진행중 | O3: 진행중 | P3: 진행중 | Q3: 진행중 | R3: 진행중 | S3: 진행중 | T3: 진행중 | U3: 진행중 | V3: 완료 | W3: 스마일러치과의원
A4: 청담비포앤애프터클리닉 | B4: 피부과, 줄기세포, 기타 | D4: 알수없음 | E4: X | F4: X | G4: https://www.youtube.com/watch?v=DYGMHha5oyw | J4: 있음 | K4: 청담비포앤애프터클리닉 | L4: 진행중 | M4: 진행중 | N4: 진행중 | O4: 진행중 | P4: 진행중 | Q4: 진행중 | R4: 진행중 | S4: 진행중 | T4: 진행중 | U4: 진행중 | V4: 진행중 | W4: 청담비포앤애프터클리닉
A5: 닥터송포유의원 | B5: 리프팅 | D5: 알수없음 | E5: https://www.youtube.com/watch?v=RR2VEjmQAsc | F5: https://www.youtube.com/watch?v=dqLfZ2fQ_RU | G5: https://www.youtube.com/watch?v=ZxJrhdtysi4 | J5: 있음 | K5: 닥터송포유의원 | L5: 진행중 | M5: 진행중 | N5: 진행중 | O5: 진행중 | P5: 완료 | Q5: 진행중 | R5: 진행중 | S5: 진행중 | T5: 진행중 | U5: 진행중 | V5: 완료 | W5: 닥터송포유의원
A6: 봉봉성형외과의원 | B6: 가슴 | D6: 알수없음 | E6: https://www.youtube.com/watch?v=PfBdpnBOksc | F6: https://www.youtube.com/watch?v=5ekUXoIDG0M | G6: https://www.youtube.com/watch?v=Is7cJi_Kq4A | J6: 있음 | K6: 봉봉성형외과의원 | L6: 진행중 | M6: 진행중 | N6: 진행중 | O6: 진행중 | P6: 진행중 | Q6: 진행중 | R6: 진행중 | S6: 진행중 | T6: 진행중 | U6: 진행중 | V6: 완료 | W6: 봉봉성형외과의원
A7: V&MJ피부과의원 | B7: 리프팅 | D7: 알수없음 | E7: https://www.youtube.com/watch?v=YsbeqK5wm28 | F7: https://www.youtube.com/watch?v=fGOqiNpRUag | G7: https://www.youtube.com/watch?v=_pUfix-VjB8 | J7: 있음 | K7: V&MJ피부과의원 | L7: 완료 | M7: 완료 | N7: 완료 | O7: 완료 | P7: 완료 | Q7: 완료 | R7: 완료 | S7: 완료 | T7: 완료 | U7: 진행중 | V7: 진행중 | W7: V&MJ피부과의원
A8: 땡큐성형외과의원 | B8: 눈, 코, 기타 | D8: 알수없음 | E8: https://www.youtube.com/watch?v=FiPty5_kKgM&t=127s | F8: https://www.youtube.com/watch?v=oL90EMMpb1o | G8: https://www.youtube.com/watch?v=Gc6SVoPgEQo | J8: 없음 | K8: 땡큐성형외과의원 | L8: 진행중 | M8: 진행중 | N8: 진행중 | O8: 진행중 | P8: 진행중 | Q8: 진행중 | R8: 진행중 | S8: 진행중 | T8: 진행중 | U8: 진행중 | V8: 완료 | W8: 땡큐성형외과의원
A9: 연세다인성형외과의원 | B9: 눈, 리프팅 | D9: 알수없음 | E9: https://www.youtube.com/watch?v=a6kzinTXG04 | F9: https://www.youtube.com/watch?v=bYlJ_kg132k | G9: https://www.youtube.com/watch?v=yMiRFMJPujM | J9: 없음 | K9: 연세다인성형외과의원 | L9: 진행중 | M9: 진행중 | N9: 진행중 | O9: 진행중 | P9: 진행중 | Q9: 진행중 | R9: 진행중 | S9: 진행중 | T9: 진행중 | U9: 진행중 | V9: 진행중 | W9: 연세다인성형외과의원
A10: 허쉬성형외과의원 | B10: 바디 | C10: 바디필러 | D10: 알수없음 | E10: https://www.youtube.com/watch?v=daF6ei8EUDU | F10: https://www.youtube.com/watch?v=pZ7zhLO_5Ng | G10: https://www.youtube.com/watch?v=-IQ8cn1_H0w | J10: 있음 | K10: 허쉬성형외과의원 | L10: 진행중 | M10: 진행중 | N10: 진행중 | O10: 진행중 | P10: 진행중 | Q10: 진행중 | R10: 진행중 | S10: 진행중 | T10: 진행중 | U10: 진행중 | V10: 진행중 | W10: 허쉬성형외과의원
A11: 플랜에스의원 | B11: 바디 | C11: 다이어트 | D11: 알수없음 | E11: https://www.youtube.com/watch?v=hPb1LKv0MAE | F11: X | G11: https://www.youtube.com/watch?v=kkjvWYDjp3o | J11: 없음 | K11: 플랜에스의원 | L11: 진행중 | M11: 진행중 | N11: 진행중 | O11: 진행중 | P11: 진행중 | Q11: 진행중 | R11: 진행중 | S11: 진행중 | T11: 진행중 | U11: 진행중 | V11: 진행중 | W11: 플랜에스의원
A12: 일퍼센트성형외과의원 | B12: 안면윤곽, 기타 | D12: 알수없음 | E12: https://www.youtube.com/watch?v=gc5IklsNHhI | F12: https://www.youtube.com/watch?v=vgZ5L-nIObE | G12: https://www.youtube.com/watch?v=OL_QN9hKbCU | J12: 있음 | K12: 일퍼센트성형외과의원 | L12: 진행중 | M12: 완료 | N12: 완료 | O12: 완료 | P12: 완료 | Q12: 진행중 | R12: 진행중 | S12: 진행중 | T12: 진행중 | U12: 완료 | V12: 진행중 | W12: 일퍼센트성형외과의원
A13: 슈가성형외과의원 | B13: 눈 | D13: 알수없음 | E13: https://www.youtube.com/watch?v=1dKyQIntmRg | F13: https://www.youtube.com/watch?v=IeymOQ_ocnU | G13: https://www.youtube.com/watch?v=8BGLBgTiMy4 | J13: 있음 | K13: 슈가성형외과의원 | L13: 진행중 | M13: 진행중 | N13: 진행중 | O13: 진행중 | P13: 진행중 | Q13: 진행중 | R13: 진행중 | S13: 진행중 | T13: 진행중 | U13: 진행중 | V13: 진행중 | W13: 슈가성형외과의원
A14: 피그마리온의원 | B14: 리프팅 | D14: 알수없음 | E14: https://youtu.be/odJSJmd7DAs?si=9cAYqm-k87TaaERh | F14: https://youtu.be/AcUr3ZOf80w?si=JTNfi56qYDQ97_fxx | G14: https://youtu.be/mkDHAnvAWH0?si=UjddDx52rpJEvtyG | J14: 없음 | K14: 피그마리온의원 | L14: 진행중 | M14: 진행중 | N14: 진행중 | O14: 진행중 | P14: 진행중 | Q14: 진행중 | R14: 진행중 | S14: 진행중 | T14: 진행중 | U14: 진행중 | V14: 진행중 | W14: 피그마리온의원
A15: 마인드성형외과의원 | B15: 눈, 코, 기타 | D15: 계약완료 | E15: https://youtu.be/KqsyznaR8-Q?si=TR3xdQOeYBV_l7v9 | F15: https://youtu.be/2AgHi7v9Kxk?si=6ycssXl92R2z0qLX | G15: https://youtu.be/uOpehT1gJo8?si=XFCf-k8fccYZGGTj | J15: 있음 | K15: 마인드성형외과의원 | L15: 진행중 | M15: 진행중 | N15: 진행중 | O15: 진행중 | P15: 진행중 | Q15: 진행중 | R15: 진행중 | S15: 진행중 | T15: 진행중 | U15: 진행중 | V15: 진행중 | W15: 마인드성형외과의원
A16: 클래스원의원 | B16: 피부과 | D16: 알수없음 | E16: https://youtu.be/cdFqNfFROtc?si=2vKUW8HDvbgq4zbA | F16: https://youtu.be/hKkw1AsIFzs?si=_DtV5MDDsiXtqld3 | G16: https://youtu.be/5lk371PZN4I?si=HjWhVJjytOx8bmMD | J16: 없음 | K16: 클래스원의원 | L16: 진행중 | M16: 진행중 | N16: 진행중 | O16: 진행중 | P16: 진행중 | Q16: 진행중 | R16: 진행중 | S16: 진행중 | T16: 진행중 | U16: 진행중 | V16: 진행중 | W16: 클래스원의원
A17: 247클리닉 | B17: 바디 | C17: 바디필러 | D17: 알수없음 | E17: https://youtu.be/eRuHTloJC1o?si=XVaxUfwYs_ajkL5V | F17: https://youtu.be/rYLNjRvsNJE?si=rwRXv8E8O118Cd5X | G17: https://youtu.be/oL8PmxViq3E?si=7IvlcTKLFHbnuT0Z | J17: 없음 | K17: 247클리닉 | L17: 진행중 | M17: 진행중 | N17: 진행중 | O17: 진행중 | P17: 진행중 | Q17: 진행중 | R17: 진행중 | S17: 진행중 | T17: 진행중 | U17: 진행중 | V17: 완료 | W17: 247클리닉
A18: 디캐럿의원 | B18: 피부과 | D18: 알수없음 | E18: https://youtu.be/CB3h6aKPbAE?si=z_ZRf5TLixYi4FmZ | F18: https://youtu.be/dc5DIXm6vZk?si=Hn2ct5c5gzEytW0R | G18: https://youtu.be/bKrOa8gjB4I?si=Brxkt298Eecox_TP | J18: 없음 | K18: 디캐럿의원 | L18: 진행중 | M18: 진행중 | N18: 진행중 | O18: 진행중 | P18: 진행중 | Q18: 진행중 | R18: 진행중 | S18: 진행중 | T18: 진행중 | U18: 진행중 | V18: 진행중 | W18: 디캐럿의원
A19: 제로원성형외과의원 | B19: 리프팅 | D19: 알수없음 | E19: https://youtu.be/KHf0t_pWye8?si=AEacgmsIFxoy5Xpy | F19: https://youtu.be/87szGr7wTRs?si=3w5cM1jVvNwYQ1m6 | G19: https://youtu.be/1QAp01lEkGw?si=fpafegYXamBBJSiU | J19: 없음 | K19: 제로원성형외과의원 | L19: 진행중 | M19: 진행중 | N19: 진행중 | O19: 진행중 | P19: 진행중 | Q19: 진행중 | R19: 진행중 | S19: 진행중 | T19: 진행중 | U19: 진행중 | V19: 진행중 | W19: 제로원성형외과의원
A20: RU성형외과의원 | B20: 코, 안면윤곽 | D20: 알수없음 | E20: https://youtu.be/cCnPypkEePs?si=9fBm6aknu39LQYEU | F20: https://youtu.be/A_FW-Cy8CMc?si=JToQk1kLqNCa2RgR | G20: https://youtu.be/ZvZAXTS60t8?si=jTM_iXAgUeXDakIf | J20: 없음 | K20: RU성형외과의원 | L20: 진행중 | M20: 진행중 | N20: 진행중 | O20: 진행중 | P20: 진행중 | Q20: 진행중 | R20: 진행중 | S20: 진행중 | T20: 진행중 | U20: 진행중 | V20: 진행중 | W20: RU성형외과의원
A21: 에이블룸성형외과의원 | B21: 피부과 | D21: 계약완료 | E21: https://youtu.be/gbNYJ-_sxG4?si=WHuUB1kSxZgAf0x4 | F21: https://youtu.be/QufGPgvcvUw?si=hxUBifEnCd4AIdu5 | G21: https://youtu.be/i_VK3gXtcXk?si=IO94-5rYPUw35hLB | J21: 있음 | K21: 에이블룸성형외과의원 | L21: 진행중 | M21: 완료 | N21: 진행중 | O21: 완료 | P21: 완료 | Q21: 완료 | R21: 완료 | S21: 진행중 | T21: 진행중 | U21: 완료 | V21: 진행중 | W21: 에이블룸성형외과의원
A22: 셀린의원 강남역 | B22: 피부과 | D22: 알수없음 | E22: https://youtu.be/tr4DrqpoYaQ?si=O7whePrcLPhBucxO | F22: https://youtu.be/UVBv8eqYsuY?si=S7zB8yzg8M5apBQH | G22: https://youtu.be/mnxwuhG3-wc?si=m-oLzuq8oY5J1QPa | J22: 없음 | K22: 셀린의원 강남역 | L22: 진행중 | M22: 진행중 | N22: 진행중 | O22: 진행중 | P22: 진행중 | Q22: 진행중 | R22: 진행중 | S22: 진행중 | T22: 진행중 | U22: 진행중 | V22: 진행중 | W22: 셀린의원 강남역
A23: 르에이치의원 | B23: 피부과 | D23: 알수없음 | E23: https://youtu.be/V_n2oNirCzQ?si=1zy2fadXbl5z6fG4 | F23: https://youtu.be/UPRaTZVuUo0?si=V0o3HLEK9M8jqXH6 | G23: https://youtu.be/Gm2m5n74XeU?si=-PuRO8UCbB9olAtm | H23: https://youtu.be/Gm2m5n74XeU?si=AeUc2tLI9amE50JQ | J23: 있음 | K23: 르에이치의원 | L23: 진행중 | M23: 완료 | N23: 완료 | O23: 완료 | P23: 진행중 | Q23: 완료 | R23: 완료 | S23: 완료 | T23: 진행중 | U23: 완료 | V23: 진행중 | W23: 르에이치의원
A24: 다미의원 | B24: 피부과 | D24: 알수없음 | E24: https://www.youtube.com/watch?v=U_o7iA0jo2c | F24: X | G24: X | J24: 없음 | K24: 다미의원 | L24: 진행중 | M24: 진행중 | N24: 진행중 | O24: 진행중 | P24: 진행중 | Q24: 진행중 | R24: 진행중 | S24: 진행중 | T24: 진행중 | U24: 진행중 | V24: 진행중 | W24: 다미의원
A25: 이즈의원 | B25: 피부과 | D25: 알수없음 | E25: X | F25: X | G25: https://youtu.be/UY7IREHoMe0?si=D6cA6NjLIvWjLim_ | J25: 없음 | K25: 이즈의원 | L25: 진행중 | M25: 진행중 | N25: 진행중 | O25: 진행중 | P25: 진행중 | Q25: 진행중 | R25: 진행중 | S25: 진행중 | T25: 진행중 | U25: 진행중 | V25: 진행중 | W25: 이즈의원
A26: 서래선치과의원 | B26: 치과 | D26: 알수없음 | E26: https://youtu.be/D2-mnlRs5B0?si=vptbVwaShTDHLTBE | F26: https://youtu.be/OPalgKxfq84?si=aOlGQmPnlj79lQid | G26: https://youtu.be/dIp-EX7Sl-w?si=Y_b8unFGVo2XC1tB | J26: 없음 | K26: 서래선치과의원 | L26: 진행중 | M26: 진행중 | N26: 진행중 | O26: 진행중 | P26: 진행중 | Q26: 진행중 | R26: 진행중 | S26: 진행중 | T26: 진행중 | U26: 진행중 | V26: 진행중 | W26: 서래선치과의원
A27: 서울페이스21치과병원 | B27: 안면윤곽, 치과 | D27: 알수없음 | E27: https://youtu.be/xZq4KGQlzpg?si=twYoushIks730_Pz | F27: https://youtu.be/hKkw1AsIFzs?si=_DtV5MDDsiXtqld3 | G27: https://youtu.be/kXhPDKY3nIc?si=9-22GpgpIo5jZeFg | J27: 없음 | K27: 서울페이스21치과병원 | L27: 진행중 | M27: 진행중 | N27: 진행중 | O27: 진행중 | P27: 진행중 | Q27: 진행중 | R27: 진행중 | S27: 진행중 | T27: 진행중 | U27: 진행중 | V27: 진행중 | W27: 서울페이스21치과병원
A28: 미니쉬치과병원 | B28: 치과 | D28: 계약완료 | E28: https://youtu.be/4NVzeMp8_BY?si=mWYfUG92ztCaWh2f | F28: https://youtu.be/JMLqfMYUlYQ?si=8HM7LAG1qHhxmOf8 | G28: https://youtu.be/rzApdsvS1IU?si=ut9IKa8HRLs9148e | J28: 있음 | K28: 미니쉬치과병원 | L28: 진행중 | M28: 진행중 | N28: 진행중 | O28: 진행중 | P28: 진행중 | Q28: 진행중 | R28: 진행중 | S28: 진행중 | T28: 진행중 | U28: 진행중 | V28: 진행중 | W28: 미니쉬치과병원
A29: 모앤라인성형외과의원 | B29: 모발이식 | D29: 논의중 | E29: https://www.youtube.com/watch?v=Xy_OeS_QJ-Q | F29: https://www.youtube.com/watch?v=6yU7OwYjSys | G29: https://www.youtube.com/watch?v=eokK8lwB_uQ | J29: 있음 | K29: 모앤라인성형외과의원 | L29: 진행중 | M29: 진행중 | N29: 진행중 | O29: 진행중 | P29: 진행중 | Q29: 진행중 | R29: 진행중 | S29: 진행중 | T29: 진행중 | U29: 진행중 | V29: 진행중 | W29: 모앤라인성형외과의원
A30: 지우개의원 | B30: 바디 | D30: 알수없음 | E30: https://www.youtube.com/watch?v=LPArdypj29w | F30: https://www.youtube.com/watch?v=dasf8kjBSVA | G30: https://www.youtube.com/watch?v=f442FF4Zh7c | J30: 있음 | K30: 지우개의원 | L30: 진행중 | M30: 완료 | N30: 진행중 | O30: 완료 | P30: 진행중 | Q30: 완료 | R30: 완료 | S30: 진행중 | T30: 완료 | U30: 완료 | V30: 진행중 | W30: 지우개의원
A31: 멜론성형외과의원 | B31: 가슴 | D31: 알수없음 | E31: https://www.youtube.com/watch?v=bOtTGJZe1kQ | F31: https://www.youtube.com/watch?v=dXtlvyGc_UY | G31: https://www.youtube.com/watch?v=LkzAIJRyfxo | J31: 있음 | K31: 멜론성형외과의원 | L31: 진행중 | M31: 진행중 | N31: 진행중 | O31: 완료 | P31: 완료 | Q31: 진행중 | R31: 진행중 | S31: 진행중 | T31: 진행중 | U31: 완료 | V31: 완료 | W31: 멜론성형외과의원
A32: 아이루미성형외과의원 | B32: 안면윤곽, 눈 | C32: 양악/침샘수술 | D32: 알수없음 | J32: 있음 | K32: 아이루미성형외과의원 | L32: 완료 | M32: 완료 | N32: 완료 | O32: 완료 | P32: 완료 | Q32: 진행중 | R32: 진행중 | S32: 진행중 | T32: 진행중 | U32: 진행중 | V32: 진행중 | W32: 아이루미성형외과의원
A33: 스노우의원 | B33: 지방흡입 | D33: 계약완료 | J33: 없음 | K33: 스노우의원 | L33: 진행중 | M33: 진행중 | N33: 진행중 | O33: 진행중 | P33: 진행중 | Q33: 진행중 | R33: 진행중 | S33: 진행중 | T33: 진행중 | U33: 진행중 | V33: 진행중 | W33: 스노우의원
B34: ※아래서부턴 계약 X 병원※
A35: 바람부는날에도성형외과의원 | B35: 모발이식 | C35: 이마축소 | D35: 계약해지 | E35: https://www.youtube.com/watch?v=draxfv6x9Cs | F35: https://www.youtube.com/watch?v=aD9XnKLrRvA | G35: https://www.youtube.com/watch?v=0cXtkdVLj8U
A36: 어나더성형외과의원 | B36: 코, 기타 | D36: 계약해지 | E36: https://youtu.be/2_uSN5cAwCU?si=YBe4JYxjvb1avgkS | F36: https://youtu.be/rXe_m0maSqk?si=DwETLshG12c-P6X3 | G36: https://youtu.be/S34XXQd982o?si=AzNTTW1JQpl7L2UW
A37: 티에스성형외과의원 | B37: 눈
A38: 일미리성형외과의원 | B38: 눈
A39: 팝성형외과의원 | B39: 눈
A40: 마블성형외과의원 | B40: 눈
A41: 옐로우성형외과의원 | B41: 눈
A42: 노상훈성형외과의원 | B42: 눈
A43: 루비성형외과의원 | B43: 눈
A44: 자연주의성형외과의원 | B44: 눈
A45: 처음처럼성형외과의원 | B45: 눈
A46: 미호성형외과의원 | B46: 눈
A47: 제이티성형외과의원 | B47: 눈
A48: 아이팅성형외과의원 | B48: 눈
... A109: 르메디크의원 | B109: 줄기세포

Sheet 시트35
B1: @도준님 링크 들어가서 문서에 병원 / 시술별로 정리하면 됩니다. 그리고 병원별 해외 수가표 누르면 해당 드라이브로 연결되는 것처럼 시술별로 링크 설정해두면 됩니다. https://docs.google.com/document/d/1QlFcQpL3Ca_LYu3MbtZpyegPlGknB8unYGJomuBDUI8/edit?usp=sharing
E9: 병원 실제 시술 항목
A10: 병원명 | B10: K-DOC 시술부위 | C10: K-DOC 상세 시술/부위 | D10: 대분류 | E10: 홈페이지 대분류 | F10: 홈페이지 중분류 | G10: 홈페이지 중분류 | H10: 홈페이지 중분류 | I10: 홈페이지 중분류 | J10: 홈페이지 중분류 | K10: 홈페이지 중분류 | L10: 홈페이지 중분류 | M10: 홈페이지 중분류 | N10: 홈페이지 중분류 | O10: 홈페이지 중분류 | P10: 홈페이지 중분류
A11: 압구정미라클의원 | B11: 리프팅 | E11: 리프팅 | F11: 실리프팅
A12: 스마일러치과의원 | B12: 치과 | C12: 치과 | E12: 임플란트 | F12: 당일 임플란트 | G12: 가이드 임플란트 | H12: 임플란트 보철(지르코니아)
E13: 보철치료
E14: 심미치료
E15: 보존치료
E16: 치아교정
A17: 청담비포앤애프터클리닉 | B17: 피부과, 줄기세포, 기타
A18: 닥터송포유의원 | B18: 리프팅
A19: 봉봉성형외과의원 | B19: 가슴
A20: V&MJ피부과의원 | B20: 리프팅
A21: 땡큐성형외과의원 | B21: 눈, 코, 기타
A22: 연세다인성형외과의원 | B22: 눈, 리프팅
A23: 허쉬성형외과의원 | B23: 바디 | C23: 바디필러
A24: 플랜에스의원 | B24: 바디 | C24: 다이어트
A25: 일퍼센트성형외과의원 | B25: 안면윤곽, 기타
A26: 슈가성형외과의원 | B26: 눈
A27: 피그마리온의원 | B27: 리프팅
A28: 마인드성형외과의원 | B28: 눈, 코, 기타
A29: 클래스원의원 | B29: 피부과
A30: 247클리닉 | B30: 바디 | C30: 바디필러
A31: 디캐럿의원 | B31: 피부과
A32: 제로원성형외과의원 | B32: 리프팅 | D32: 눈 | E32: 눈성형 | F32: 자연유착 | G32: 절개 | H32: 눈매교정 | I32: 트임 | J32: 눈밑지방 | K32: 눈재수술
D33: 코 | E33: 코성형 | F33: 기능코 | G33: 유형별 코수술
D34: 코 | E34: 특수코 재건술 | F34: 외상 후 코성형 | G34: 구축코 재건술 | H34: 콧구멍 수술 | I34: 재수술
D35: 윤곽 | E35: 커스텀핏 윤곽조각술 | F35: 윤곽조각술 | G35: 이중턱 박멸술
D36: 안티에이징 | E36: 안티에이징 | F36: 안면거상술 미니거상술 | G36: 실리프팅 | H36: 항노화주사
D37: 바디 | E37: 바디성형 | F37: 힙업 지방이식 | G37: 지방흡입
D38: 가슴 | E38: 가슴성형 | F38: 가슴 축소술 | G38: 유두 유룬 성형 | H38: 남성 여유증
D39: 쁘띠 | E39: 쁘띠성형 | F39: V라인주사&S라인주사 | G39: 필러 | H39: 보톡스
A45: RU성형외과의원 | B45: 코, 안면윤곽
A46: 에이블룸성형외과의원 | B46: 피부과 | D46: 리프팅 | E46: 리프팅 | F46: 악센트 프라임 튠 | G46: 울쎄라 | H46: 써마지 FLX | I46: 소프라노 티타늄 | J46: 실리프팅
D47: 피부 | E47: 콜라겐 스티뮬레이터 | F47: 스컬트라 | G47: 바디 스컬트라 | H47: 엘란쎄
D48: 피부 | E48: 스킨부스터 | F48: 에이블 스킨부스터 | G48: 리쥬란 | H48: 쥬베룩 | I48: 리투오 콜라겐 스킨부스터
D49: 쁘띠 | E49: 볼륨 필러 | F49: 히알루론산 필러
D50: 쁘띠 | E50: 초음파 보톡스 | F50: 초음파 보톡스 | G50: 초음파 바디 보톡스 | H50: 브이올렛 | I50: 초음파 윤곽주사
D51: 피부 | E51: 피부 | F51: 소프라노 티타늄 | G51: 커스텀 스킨케어 | H51: 에이블 스킨부스터 | I51: 모공흉터 치료 | J51: 색소 치료 | K51: 여드름트러블케어 | L51: 레이저 제모
A52: 셀린의원 강남역 | B52: 피부과
A53: 르에이치의원 | B53: 피부과 | E53: 리프팅 | F53: 르:커스텀 울쎄라 | G53: 르:컨투어 튠페이스/튠라이너 | H53: 르:핏 슈링크
E54: 필러/보톡스 | F54: 시그니처 입술필러 | G54: 르:퍼스널 필러 | H54: 르:퍼스널 보톡스
E55: 피부 | F55: 하이드라페이셜 | G55: PDRN 르:셀 프로그램 | H55: 색소 | I55: 메디컬 스킨케어 | J55: 르:디테일 제모 | K55: SYLFIRM X
E56: 바디 | F56: 르에이치 튠바디 프로그램 | G56: 르에이치 컨투어링 주사
E57: 시그니처주사 | F57: 르컷주사/르핏주사 | G57: 시그니처 쥬베룩/레디어스 | H57: 하이엔드 물광 | I57: 프리미엄 리쥬란 | J57: 개인맞춤수액 프로그램
E58: 스킨부스터 | F58: Re20
A61: 다미의원 | B61: 피부과
A62: 이즈의원 | B62: 피부과
A63: 서래선치과의원 | B63: 치과 | C63: 치과 | E63: 심미치료 | F63: 라미네이트 | G63: 지르코니아 | H63: 미백치료 | I63: 잇몸성형 | J63: 화이트스팟
E64: 치아교정 | F64: 증상별 치아교정 | G64: 상황별 치아교정 | H64: 장치별 치아교정 | I64: 어린이 치아교정
E65: 임플란트 | F65: 앞니, 어금니 임플란트 | G65: 전체 임플란트 | H65: 임플란트 틀니 | I65: 보험임플란트
E66: 턱관절질환
E67: 일반진료 | F67: 충치치료 | G67: 사랑니발치 | H67: 치주관리
A68: 서울페이스21치과병원 | B68: 안면윤곽, 치과
A69: 미니쉬치과병원 | B69: 치과
A70: 모앤라인성형외과의원 | B70: 모발이식
A71: 지우개의원 | B71: 바디
A72: 멜론성형외과의원 | B72: 가슴
A73: 아이루미성형외과의원 | B73: 안면윤곽, 눈 | C73: 양악/침샘수술
A77: 스노우의원 | B77: 지방흡입

Sheet 시트37
D1: 병원 실제 시술 항목
A2: 병원명 | B2: K-DOC 시술부위 | C2: K-DOC 상세 시술/부위 | D2: 홈페이지 대분류 | E2: 홈페이지 중분류 | F2: 홈페이지 중분류 | G2: 홈페이지 중분류 | H2: 홈페이지 중분류 | I2: 홈페이지 중분류 | J2: 홈페이지 중분류 | K2: 홈페이지 중분류 | L2: 홈페이지 중분류 | M2: 홈페이지 중분류 | N2: 홈페이지 중분류 | O2: 홈페이지 중분류
A3: 제로원성형외과의원 | B3: 리프팅 | D3: 눈성형 | E3: 자연유착 | F3: 절개 | G3: 눈매교정 | H3: 트임 | I3: 눈밑지방 | J3: 눈재수술
D4: 코성형 | E4: 기능코 | F4: 유형별 코수술
D5: 특수코 재건술 | E5: 외상 후 코성형 | F5: 구축코 재건술 | G5: 콧구멍 수술 | H5: 재수술
D6: 커스텀핏 윤곽조각술 | E6: 윤곽조각술 | F6: 이중턱 박멸술
D7: 안티에이징 | E7: 안면거상술 미니거상술 | F7: 실리프팅 | G7: 항노화주사
D8: 바디성형 | E8: 힙업 지방이식 | F8: 지방흡입
D9: 가슴성형 | E9: 가슴 축소술 | F9: 유두 유룬 성형 | G9: 남성 여유증
D10: 쁘띠성형 | E10: V라인주사&S라인주사 | F10: 필러 | G10: 보톡스

Sheet 병원 리스트(표 형식)
B2: BEST = ※백지원 지사장님 PICK병원 Or 계약된 병원※ | E2: 백지원 지사징님이 제외 요청한 병원
A5: 순위 | B5: 눈 | C5: 코 | D5: 안면윤곽 | E5: 가슴 | F5: 지방흡입 | G5: 바디 | H5: 모발이식 | I5: 피부과 | J5: 리프팅 | K5: 줄기세포 | L5: 치과
A6: 1 | B6: 슈가성형외과의원 | C6: 땡큐성형외과의원 | D6: 일퍼센트성형외과의원 | E6: 봉봉성형외과의원 | F6: 초이스라인의원 | G6: 허쉬성형외과의원 | H6: 바람부는날에도성형외과의원 | I6: 청담비포앤애프터클리닉 | J6: 압구정미라클의원 | K6: 셀리크의원 | L6: 서울페이스21치과병원
A7: 2 | B7: 티에스성형외과의원 | C7: 마인드성형외과의원 | D7: 아이루미성형외과의원 | E7: 라비앙성형외과의원 | F7: 에이탑성형외과의원 | G7: 247클리닉 | H7: 모제림성형외과의원 | I7: 클래스원의원 | J7: 연세다인성형외과의원 | K7: 청담쥬넥스 피부과의원 | L7: 스마일러치과의원
A8: 3 | B8: 일미리성형외과의원 | C8: 에이비성형외과의원 | D8: 본디성형외과의원 | E8: 뷰성형외과의원 | F8: 레디성형외과의원 | G8: 플랜에스의원 | H8: 옥건헤어라인의원 | I8: 디캐럿의원 | J8: 닥터송포유의원 | K8: 르메디크의원 | L8: 서래선치과의원
A9: 4 | B9: 팝성형외과의원 | C9: 어나더성형외과의원 | D9: 우리성형외과의원 | E9: 엠디외과의원 | F9: 기린성형외과의원 | G9: 지우개의원 | H9: 모앤블레스의원 | I9: 에이블룸성형외과의원 | J9: V&MJ피부과의원 | K9: 티알 트리니티 라파엘로 청담의원 | L9: 미니쉬치과병원
A10: 5 | B10: 마블성형외과의원 | C10: 프라이빗성형외과의원 | D10: 브라운성형외과의원 | E10: 노트성형외과의원 | F10: G7클리닉 | H10: 서울아이성형외과의원 | I10: 셀린의원 강남역 | J10: 피그마리온의원 | K10: 밴셀의원
A11: 6 | B11: 옐로우성형외과의원 | C11: 더도어성형외과의원 | D11: 이유구강악안면외과치과의원 | E11: 에이트성형외과의원 | F11: 뽐나게빼의원 | H11: 강남로미모의원 | I11: 르에이치의원 | J11: 제로원성형외과의원 | K11: 청담비포앤애프터클리닉
A12: 7 | B12: 노상훈성형외과의원 | C12: 위버스성형외과의원 | D12: 새김성형외과의원 | E12: UBA성형외과의원 | F12: 스노우의원 | H12: 모든모의원 | I12: 다미의원 | J12: 리팅성형외과의원
A13: 8 | B13: 루비성형외과의원 | C13: 디에이성형외과의원 | D13: 타코성형외과의원 | E13: 물방울성형외과의원 | F13: 더새로이의원 | H13: 서진성형외과의원 | I13: 이즈의원
A14: 9 | B14: 자연주의성형외과의원 | C14: 더난성형외과의원 | D14: 오페라성형외과의원 | E14: 오케이성형외과 | F14: 강남 리슬림의원 | H14: 모우림의원 | I14: 모즈의원
A15: 10 | B15: 처음처럼성형외과의원 | C15: 첫단추의원 | D15: 아이디병원 | E15: 아이디병원 | F15: 레아트성형외과의원 | H15: 모디헤어플란트의원 | I15: 리뉴얼의원
A16: 11 | B16: 미호성형외과의원 | C16: 히트성형외과의원 | D16: 서울페이스21치과병원 | E16: 나나성형외과의원 | H16: 모플러스성형외과의원 | I16: 청담서클의원
A17: 12 | B17: 제이티성형외과의원 | C17: 나나성형외과의원 | D17: RU성형외과의원 | E17: 멜론성형외과의원 | H17: 모앤라인성형외과의원 | I17: 엠레드의원
A18: 13 | B18: 아이팅성형외과의원 | C18: RU성형외과의원 | I18: 연세YB의원
A19: 14 | B19: 아이큐성형외과의원 | I19: 데이뷰의원 강남점
A20: 15 | B20: 연세다인성형외과의원 | I20: 문의원
A21: 16 | B21: 땡큐성형외과의원 | I21: 레스트의원
A22: 17 | B22: 마인드성형외과의원 | I22: 로이셀의원
A23: 18 | B23: 에이비성형외과의원 | I23: 허준원M.D.피부과의원
A24: 19

Sheet 배지(최종)_251211
A2: 영역 | B2: 눈 | C2: 코 | D2: 안면윤곽 | E2: 가슴 | F2: 지방흡입 | G2: 바디 | H2: 모발이식 | I2: 피부과 | J2: 리프팅 | K2: 줄기세포 | L2: 치과 | M2: 기타
A3: BEST | B3: 땡큐성형외과의원 | C3: 땡큐성형외과의원 | D3: 일퍼센트성형외과의원 | E3: 봉봉성형외과의원 | F3: 기린성형외과의원 | G3: 허쉬성형외과의원 | H3: 모앤라인 | I3: 청담비포앤애프터클리닉 | J3: 압구정미라클의원 | K3: 청담비포앤애프터클리닉 | L3: 미니쉬치과병원 | M3: 청담비포앤애프터클리닉
B4: 마인드성형외과의원 | C4: 마인드성형외과의원 | F4: 초이스라인의원 | I4: 르에이치의원 | M4: 땡큐성형외과의원
M5: 마인드성형외과의원
M6: 일퍼센트성형외과의원
M7: 어나더성형외과의원
A11: HOT | B11: 연세다인성형외과의원 | C11: RU성형외과의원 | D11: 브라운성형외과의원 | E11: 아이디병원 | F11: 에이탑성형외과의원 | G11: 247클리닉 | H11: 바람부는날에도성형외과의원 | I11: 클래스원의원 | J11: 피그마리온의원 | K11: 밴셀의원 | L11: 서울페이스21치과병원
B12: 슈가성형외과의원 | C12: 디에이성형외과의원 | D12: 아이디병원 | E12: 라비앙성형외과의원 | F12: 강남 리슬림의원 | G12: 플랜에스의원 | I12: 디캐럿의원 | J12: 닥터송포유의원 | L12: 스마일러치과의원
B13: 팝성형외과의원 | I13: 에이블룸성형외과의원 | L13: 서래선치과의원
I14: 셀린의원 강남역
A18: 추천 | B18: 압구정미라클의원 | C18: 리프팅 | D18: BEST | E18: 1
B19: 미니쉬치과병원 | C19: 치과 | D19: BEST | E19: 2
B20: 일퍼센트성형외과의원 | C20: 안면윤곽 | D20: BEST | E20: 3
B21: 청담비포앤애프터클리닉 | C21: 줄기세포 | D21: BEST | E21: 4
B22: 봉봉성형외과의원 | C22: 가슴 | D22: BEST | E22: 5
B23: 허쉬성형외과의원 | C23: 바디 | D23: BEST | E23: 6
B24: 땡큐성형외과의원 | C24: 눈 | D24: BEST | E24: 7
B25: 마인드성형외과의원 | C25: 코 | D25: BEST | E25: 8
B26: 초이스라인의원 | C26: 지방흡입 | D26: BEST | E26: 9
B27: 모앤라인 | C27: 모발이식 | D27: BEST | E27: 10
B28: 르에이치의원 | C28: 피부과과 | D28: BEST | E28: 11
B29: 디에이성형외과의원 | C29: 코코 | D29: HOT | E29: 12
B35: 노란색은 운영에 반영되었습니다.

Sheet 어드민 등록 병원 DB
A2: N | B2: 계약 완료 | C2: 랭킹 | D2: 평점 | E2: 리뷰 자동화 개수 | F2: 어드민 등록 | G2: 상세(대표사진) | H2: 상세(내부사진) | I2: 실시간 생생 후기 이미지 | J2: 유튜브 링크 | K2: 병원 내부 사진 드라이브 업로드 | L2: 썸네일 | M2: 의료진 수 (자료 조사) | N2: 의료진 수 (어드민 등록) | O2: 진료과목 (노션기준) | P2: KR | Q2: EN | R2: TH | S2: address-KR (동까지만) | T2: address-EN | U2: address-TH | V2: 위도 | W2: 경도 | X2: directions-KR(상세주소) | Y2: directions-EN | Z2: directions-TH | AA2: directions-IN | AB2: description-KR | AC2: description-EN | AD2: description-TH | AE2: description-IN | AF2: openingHours | AG2: Price-min | AH2: 평점 개수에 가중치 부여 (10개 이하는 0.5배, 100개 이상은 2배, 500개 이상은 5배, 1000개 이상은 10배) | AI2: Price-max | AJ2: 구글 평점(9/24) | AK2: 개수 | AL2: 네이버 평점 | AM2: 개수 | AN2: 카카오 평점 | AO2: 개수 | AP2: 성예사 평점 | AQ2: 개수 | AR2: 성예사 점수 | AS2: 단순평점 | AT2: 평점 개수에 가중치 부여 (10개 이하는 0.5배, 100개 이상은 2배, 500개 이상은 5배, 1000개 이상은 10배) | AU2: discountRate | AV2: approvalStatusType | AW2: rejectReason | AX2: baseId | AY2: hasClone | AZ2: districtId | BA2: createdAt | BB2: updatedAt
A3: 1 | B3: O | C3: 1 | D3: 5 | E3: =SUM( COUNTIF('리뷰 전체 모음 시트'!H:H, P3) ) -> 53 | F3: O | G3: O | H3: O | I3: O | L3: O | M3: =COUNTIFS('의사 등록'!D:D, P3, '의사 등록'!E:E, "<>") -> 2 | N3: =COUNTIFS('의사 등록'!D:D, P3, '의사 등록'!T:T, "<>") -> 2 | O3: 리프팅 | P3: 압구정미라클의원 | Q3: Apgujeong Miracle Clinic | R3: คลินิกอับกูจองมิราเคิล | S3: 서울 강남구 신사동 | T3: Sinsa-dong, Gangnam-gu, Seoul | U3: แขวงซินซา เขตคังนัม กรุงโซล | V3: 37.526145 | W3: 127.03884 | X3: 서울특별시 강남구 선릉로157길 14 한주빌딩 5층, 6층 | Y3: 5F, 14 Seolleung-ro 157-gil, Gangnam-gu, Seoul, 06018, Republic of Korea | Z3: 5F, 14 Seolleung-ro 157-gil, Gangnam-gu, Seoul, 06018, Republic of Korea | AB3: 세계 성형외과의사들이 인정한 실리프팅/재수술/안티에이징/비만체형 | AC3: Recognized by plastic surgeons worldwide for thread lifting, revision surgery, anti-aging, and body contouring. | AD3: เป็นที่ยอมรับในระดับโลกโดยศัลยแพทย์ตกแต่ง สำหรับการร้อยไหม การแก้ศัลยกรรม ความงามชะลอวัย และการปรับรูปร่าง | AF3: {"friday":{"holiday":false,"openTime":"10:00","closeTime":"19:00","monday":{"holiday":false,"openTime":"10:00","closeTime":"19:00","sunday":{"holiday":true,"tuesday":{"holiday":false,"openTime":"10:00","closeTime":"19:00","saturday":{"holiday":false,"openTime":"10:00","closeTime":"17:00","thursday":{"holiday":false,"openTime":"10:00","closeTime":"19:00","wednesday":{"holiday":false,"openTime":"10:00","closeTime":"19:00","launchTime":{"openTime":"","closeTime":"" | AG3: 1500 | AH3: =AT3 -> 0.011 | AJ3: 4.9 | AK3: 38 | AM3: 2821 | AP3: 3.2 | AQ3: 41 | AR3: 62 | AS3: =(AJ3*AK3)+(AL3*AM3)+(AN3*AO3)+(AP3*AQ3)/(AK3+AM3+AO3+AQ3) -> 0.10944828 | AT3: =IF( (AK3*IF(AK3<10,0.5,IF(AK3>=1000,10,IF(AK3>=500,5,IF(AK3>=100,2,1))))) + (AM3*IF(AM3<10,0.5,IF(AM3>=1000,10,IF(AM3>=500,5,IF(AM3>=100,2,1))))) + (AO3*IF(AO3<10,0.5,IF(AO3>=1000,10,IF(AO3>=500,5,IF(AO3>=100,2,1))))) + (AQ3*IF(AQ3<10,0.5,IF(AQ3>=1000,10,IF(AQ3>=500,5,IF(AQ3>=100,2,1))))) =0, "", ROUND( MIN(5, MAX(0, ( AJ3*(AK3*IF(AK3<10,0.5,IF(AK3>=1000,10,IF(AK3>=500,5,IF(AK3>=100,2,1))))) + AL3*(AM3*IF(AM3<10,0.5,IF(AM3>=1000,10,IF(AM3>=500,5,IF(AM3>=100,2,1))))) + AN3*(AO3*IF(AO3<10,0.5,IF(AO3>=1000,10,IF(AO3>=500,5,IF(AO3>=100,2,1))))) + AP3*(AQ3*IF(AQ3<10,0.5,IF(AQ3>=1000,10,IF(AQ3>=500,5,IF(AQ3>=100,2,1))))) ) / ( (AK3*IF(AK3<10,0.5,IF(AK3>=1000,10,IF(AK3>=500,5,IF(AK3>=100,2,1))))) + (AM3*IF(AM3<10,0.5,IF(AM3>=1000,10,IF(AM3>=500,5,IF(AM3>=100,2,1))))) + (AO3*IF(AO3<10,0.5,IF(AO3>=1000,10,IF(AO3>=500,5,IF(AO3>=100,2,1))))) + (AQ3*IF(AQ3<10,0.5,IF(AQ3>=1000,10,IF(AQ3>=500,5,IF(AQ3>=100,2,1))))) ) ) ), 3 ) ) -> 0.011 | AV3: APPROVED | AY3: FALSE | AZ3: c54ce51a-d567-46ba-8f3f-1561a19b562f | BA3: 45719.287 | BB3: 45910.344
A4: 2 | B4: O | C4: 2 | D4: 5 | E4: =SUM( COUNTIF('리뷰 전체 모음 시트'!H:H, P4) ) -> 18 | F4: O | G4: O | H4: O | I4: △ | J4: X | K4: O | L4: O | M4: =COUNTIFS('의사 등록'!D:D, P4, '의사 등록'!E:E, "<>") -> 1 | N4: =COUNTIFS('의사 등록'!D:D, P4, '의사 등록'!T:T, "<>") -> 1 | O4: 치과 | P4: 스마일러치과의원 | Q4: Smilel Dental Clinic | R4: คลินิกทันตกรรมสไมล์ล์ | S4: 서울 송파구 문정동 | T4: Munjeong-dong, Songpa-gu, Seoul | U4: เขตซงพา แขวงมุนจอง กรุงโซล | V4: 37.4894 | W4: 127.12285 | X4: 서울 송파구 동남로 102 레이102빌딩 2층 | Y4: 2F 102 Dongnam-ro, Songpa-gu, Seoul | Z4: 2F 102 Dongnam-ro, Songpa-gu, Seoul | AB4: 스마일러 치과는 3D 안면 스캐너, 3D CT, 구강스캐너, 세라믹 밀링기로 최소삭제 방식을 채택하여, 빠르고 정밀한 라미네이트와 보철 진료를 제공합니다. 또한, 가이드 즉시기능 임플란트로 더욱 빠르고, 안전한 결과를 약속 드립니다. | AC4: Smilel Dental Clinic uses a 3D facial scanner, 3D CT, oral scanner, and ceramic milling machine to apply a minimally invasive technique, providing fast and precise laminate and prosthetic treatments. In addition, we promise faster and safer results with guided immediate-function implants. | AD4: คลินิกทันตกรรมสไมล์ล์ใช้เครื่องสแกนใบหน้าแบบ 3 มิติ, CT 3 มิติ, เครื่องสแกนในช่องปาก และเครื่องกัดเซรามิก เพื่อให้การรักษาลามิเนตและงานฟันเทียมมีความแม่นยำและรวดเร็ว ด้วยเทคนิคการกรอฟันให้น้อยที่สุด นอกจากนี้ เรายังรับประกันผลลัพธ์ที่รวดเร็วและปลอดภัยยิ่งขึ้นด้วยการปลูกฟันเทียมแบบนำวิธีและใช้งานได้ทันที | AF4: 월 09:30 ~ 18:00 화 09:30 ~ 18:00 수 09:30 ~ 18:00 목 09:30 ~ 18:00 금 09:30 ~ 18:00 토 09:30 ~ 14:00 | AG4: 812 | AH4: =AT4 -> 0.109 | AJ4: 0 | AK4: 0 | AM4: 45 | AN4: 5 | AO4: 2 | AP4: 0 | AQ4: 0 | AR4: 0 | AS4: =(AJ4*AK4)+(AL4*AM4)+(AN4*AO4)+(AP4*AQ4)/(AK4+AM4+AO4+AQ4) -> 0.21276596 | AT4: =IF( (AK4*IF(AK4<10,0.5,IF(AK4>=1000,10,IF(AK4>=500,5,IF(AK4>=100,2,1))))) + (AM4*IF(AM4<10,0.5,IF(AM4>=1000,10,IF(AM4>=500,5,IF(AM4>=100,2,1))))) + (AO4*IF(AO4<10,0.5,IF(AO4>=1000,10,IF(AO4>=500,5,IF(AO4>=100,2,1))))) + (AQ4*IF(AQ4<10,0.5,IF(AQ4>=1000,10,IF(AQ4>=500,5,IF(AQ4>=100,2,1))))) =0, "", ROUND( MIN(5, MAX(0, ( AJ4*(AK4*IF(AK4<10,0.5,IF(AK4>=1000,10,IF(AK4>=500,5,IF(AK4>=100,2,1))))) + AL4*(AM4*IF(AM4<10,0.5,IF(AM4>=1000,10,IF(AM4>=500,5,IF(AM4>=100,2,1))))) + AN4*(AO4*IF(AO4<10,0.5,IF(AO4>=1000,10,IF(AO4>=500,5,IF(AO4>=100,2,1))))) + AP4*(AQ4*IF(AQ4<10,0.5,IF(AQ4>=1000,10,IF(AQ4>=500,5,IF(AQ4>=100,2,1))))) ) / ( (AK4*IF(AK4<10,0.5,IF(AK4>=1000,10,IF(AK4>=500,5,IF(AK4>=100,2,1))))) + (AM4*IF(AM4<10,0.5,IF(AM4>=1000,10,IF(AM4>=500,5,IF(AM4>=100,2,1))))) + (AO4*IF(AO4<10,0.5,IF(AO4>=1000,10,IF(AO4>=500,5,IF(AO4>=100,2,1))))) + (AQ4*IF(AQ4<10,0.5,IF(AQ4>=1000,10,IF(AQ4>=500,5,IF(AQ4>=100,2,1))))) ) ) ), 3 ) ) -> 0.109
A5: 3 | B5: O | C5: 3 | D5: 4.9 | E5: =SUM( COUNTIF('리뷰 전체 모음 시트'!H:H, P5) ) -> 25 | F5: O | G5: O | H5: O | I5: △ | J5: X | K5: O | L5: O | M5: =COUNTIFS('의사 등록'!D:D, P5, '의사 등록'!E:E, "<>") -> 1 | N5: =COUNTIFS('의사 등록'!D:D, P5, '의사 등록'!T:T, "<>") -> 1 | O5: 피부과, 줄기세포 | P5: 청담비포앤애프터클리닉 | Q5: Cheongdam Before & After Clinic | R5: Cheongdam Before & After Clinic | S5: 서울 강남구 청담동 | T5: Cheongdam-dong, Gangnam-gu, Seoul | U5: แขวงชองดัม เขตคังนัม กรุงโซล | V5: 37.526972 | W5: 127.04515 | X5: 서울 강남구 청담동 141-13 | Y5: 437 Apgujeong-ro, Gangnam-gu, Seoul | Z5: 437 Apgujeong-ro, Gangnam-gu, Seoul | AB5: 차별화된 서비스와 전문성을 바탕으로 고객 개개인의 변화와 성장을 돕는 것을 목표로 하고 있습니다. 이를 통해 고객의 만족도를 높이고자 하는 것이 비포앤애프터클리닉의 “당신 변화의 첫걸음!”이라는 슬로건의 핵심 메시지 통해 고객의 외모와 건강을 종합적으로 관리하고 개인의 피부, 체형, 건강 상태를 종합적으로 분석하여 맞춤형 관리 솔루션을 제공합니다 | AC5: Based on differentiated services and expertise, we aim to help each client achieve personal transformation and growth. Through this, we strive to enhance customer satisfaction — the core message behind Before & After Clinic’s slogan: “Your First Step to Change!” We provide comprehensive care for beauty and health by analyzing each individual’s skin, body shape, and overall condition to deliver customized treatment solutions. | AD5: ด้วยบริการที่แตกต่างและความเชี่ยวชาญเฉพาะทาง เรามุ่งมั่นที่จะช่วยให้ลูกค้าแต่ละคนได้พัฒนาตัวเองและเปลี่ยนแปลงไปในทางที่ดีขึ้น ซึ่งเป็นสาระสำคัญของสโลแกนของ Before & After Clinic – “ก้าวแรกแห่งการเปลี่ยนแปลงของคุณ!” เราดูแลทั้งรูปลักษณ์และสุขภาพของลูกค้าอย่างครบวงจร โดยวิเคราะห์สภาพผิว รูปร่าง และสุขภาพของแต่ละบุคคล เพื่อมอบโซลูชันการดูแลแบบเฉพาะบุคคลที่เหมาะสมที่สุด | AF5: 월 10:00 ~ 19:00 화 10:00 ~ 19:00 수 10:00 ~ 19:00 목 10:00 ~ 19:00 금 10:00 ~ 20:00 토 10:00 ~ 17:00 | AG5: 가격 명시X (1500) | AH5: =AT5 -> 0.029 | AJ5: 5 | AK5: 17 | AL5: 0 | AM5: 585 | AN5: 0 | AO5: 0 | AP5: 0 | AQ5: 0 | AR5: 0 | AS5: =(AJ5*AK5)+(AL5*AM5)+(AN5*AO5)+(AP5*AQ5)/(AK5+AM5+AO5+AQ5) -> 0.14119601 | AT5: =IF( (AK5*IF(AK5<10,0.5,IF(AK5>=1000,10,IF(AK5>=500,5,IF(AK5>=100,2,1))))) + (AM5*IF(AM5<10,0.5,IF(AM5>=1000,10,IF(AM5>=500,5,IF(AM5>=100,2,1))))) + (AO5*IF(AO5<10,0.5,IF(AO5>=1000,10,IF(AO5>=500,5,IF(AO5>=100,2,1))))) + (AQ5*IF(AQ5<10,0.5,IF(AQ5>=1000,10,IF(AQ5>=500,5,IF(AQ5>=100,2,1))))) =0, "", ROUND( MIN(5, MAX(0, ( AJ5*(AK5*IF(AK5<10,0.5,IF(AK5>=1000,10,IF(AK5>=500,5,IF(AK5>=100,2,1))))) + AL5*(AM5*IF(AM5<10,0.5,IF(AM5>=1000,10,IF(AM5>=500,5,IF(AM5>=100,2,1))))) + AN5*(AO5*IF(AO5<10,0.5,IF(AO5>=1000,10,IF(AO5>=500,5,IF(AO5>=100,2,1))))) + AP5*(AQ5*IF(AQ5<10,0.5,IF(AQ5>=1000,10,IF(AQ5>=500,5,IF(AQ5>=100,2,1))))) ) / ( (AK5*IF(AK5<10,0.5,IF(AK5>=1000,10,IF(AK5>=500,5,IF(AK5>=100,2,1))))) + (AM5*IF(AM5<10,0.5,IF(AM5>=1000,10,IF(AM5>=500,5,IF(AM5>=100,2,1))))) + (AO5*IF(AO5<10,0.5,IF(AO5>=1000,10,IF(AO5>=500,5,IF(AO5>=100,2,1))))) + (AQ5*IF(AQ5<10,0.5,IF(AQ5>=1000,10,IF(AQ5>=500,5,IF(AQ5>=100,2,1))))) ) ) ), 3 ) ) -> 0.029
A6: 4 | B6: O | C6: 5 | D6: 4.7 | E6: =SUM( COUNTIF('리뷰 전체 모음 시트'!H:H, P6) ) -> 3 | F6: O | G6: O | H6: O | I6: △ | J6: O | K6: O | L6: O | M6: =COUNTIFS('의사 등록'!D:D, P6, '의사 등록'!E:E, "<>") -> 1 | N6: =COUNTIFS('의사 등록'!D:D, P6, '의사 등록'!T:T, "<>") -> 1 | O6: 리프팅 | P6: 닥터송포유의원 | Q6: Dr.Song 4u Plastic Surgery | R6: Dr.Song 4u คลินิกศัลยกรรมตกแต่ง | S6: 서울 강남구 역삼동 | T6: Yeoksam-dong, Gangnam-gu, Seoul | U6: แขวงย็อกซัม เขตคังนัม กรุงโซล | V6: 37.508207 | W6: 127.03775 | X6: 서울특별시 강남구 역삼동 653-5 | Y6: 653-5 Yeoksam-dong, Gangnam District, Seoul | Z6: 653-5 Yeoksam-dong, Gangnam District, Seoul | AB6: 안녕하세요, 닥터송포유의원입니다. 개개인의 얼굴형과 이목구비 모양까지 고려한, 체계적인 맞춤 성형으로 누구나 부러워할 외모로 변신해 보세요 :) - 눈/코재수술 - 안면거상 (포니테일 리프팅/하이스마스 안면거상)/ 목거상/ 이마거상/ 가슴거상/ 복부거상 - 이물질제거술 - 가슴성형 | AC6: Hello, this is Dr.Song 4U Plastic Surgery. Transform yourself into a look everyone will admire through our personalized and systematic plastic surgery, designed to match your individual facial structure and features. Eye and nose revision surgery Facelift (Ponytail lifting / High SMAS facelift) / Neck lift / Forehead lift / Breast lift / Abdominoplasty Foreign substance removal surgery Breast augmentation | AD6: สวัสดีค่ะ นี่คือ Dr.Song 4U คลินิกศัลยกรรมตกแต่ง เปลี่ยนแปลงตัวเองให้สวยโดดเด่นจนใคร ๆ ก็ต้องอิจฉา ด้วยศัลยกรรมแบบเฉพาะบุคคลที่ออกแบบอย่างเป็นระบบ โดยคำนึงถึงโครงหน้าและลักษณะใบหน้าของแต่ละคน แก้ตา / แก้จมูก ดึงหน้า (Ponytail lifting / High SMAS) / ดึงคอ / ดึงหน้าผาก / ดึงหน้าอก / ดึงหน้าท้อง ผ่าตัดเอาสารแปลกปลอมออก ศัลยกรรมหน้าอก | AF6: 월 09:30 ~ 18:30 화 09:30 ~ 18:30 수 09:30 ~ 18:30 금 09:30 ~ 18:30 토 09:30 ~ 17:00 | AG6: 10000 | AH6: =AT6 -> 4.4 | AN6: 0 | AO6: 0 | AP6: 4.4 | AQ6: 10 | AR6: 0 | AS6: =(AJ6*AK6)+(AL6*AM6)+(AN6*AO6)+(AP6*AQ6)/(AK6+AM6+AO6+AQ6) -> 4.4 | AT6: =IF( (AK6*IF(AK6<10,0.5,IF(AK6>=1000,10,IF(AK6>=500,5,IF(AK6>=100,2,1))))) + (AM6*IF(AM6<10,0.5,IF(AM6>=1000,10,IF(AM6>=500,5,IF(AM6>=100,2,1))))) + (AO6*IF(AO6<10,0.5,IF(AO6>=1000,10,IF(AO6>=500,5,IF(AO6>=100,2,1))))) + (AQ6*IF(AQ6<10,0.5,IF(AQ6>=1000,10,IF(AQ6>=500,5,IF(AQ6>=100,2,1))))) =0, "", ROUND( MIN(5, MAX(0, ( AJ6*(AK6*IF(AK6<10,0.5,IF(AK6>=1000,10,IF(AK6>=500,5,IF(AK6>=100,2,1))))) + AL6*(AM6*IF(AM6<10,0.5,IF(AM6>=1000,10,IF(AM6>=500,5,IF(AM6>=100,2,1))))) + AN6*(AO6*IF(AO6<10,0.5,IF(AO6>=1000,10,IF(AO6>=500,5,IF(AO6>=100,2,1))))) + AP6*(AQ6*IF(AQ6<10,0.5,IF(AQ6>=1000,10,IF(AQ6>=500,5,IF(AQ6>=100,2,1))))) ) / ( (AK6*IF(AK6<10,0.5,IF(AK6>=1000,10,IF(AK6>=500,5,IF(AK6>=100,2,1))))) + (AM6*IF(AM6<10,0.5,IF(AM6>=1000,10,IF(AM6>=500,5,IF(AM6>=100,2,1))))) + (AO6*IF(AO6<10,0.5,IF(AO6>=1000,10,IF(AO6>=500,5,IF(AO6>=100,2,1))))) + (AQ6*IF(AQ6<10,0.5,IF(AQ6>=1000,10,IF(AQ6>=500,5,IF(AQ6>=100,2,1))))) ) ) ), 3 ) ) -> 4.4
A7: 5 | B7: O | C7: 6 | D7: 4.6 | E7: =SUM( COUNTIF('리뷰 전체 모음 시트'!H:H, P7) ) -> 3 | F7: O | G7: O | H7: O | I7: △ | J7: O | K7: O | L7: O | M7: =COUNTIFS('의사 등록'!D:D, P7, '의사 등록'!E:E, "<>") -> 3 | N7: =COUNTIFS('의사 등록'!D:D, P7, '의사 등록'!T:T, "<>") -> 3 | O7: 가슴 | P7: 봉봉성형외과의원 | Q7: Bong Bong Plastic Surgery | R7: Bong Bong คลินิกศัลยกรรมตกแต่ง | S7: 서울 강남구 논현동 | T7: Nonhyeon-dong, Gangnam-gu, Seoul | U7: แขวงนอนฮยอน เขตคังนัม กรุงโซล | V7: 37.512571 | W7: 127.0311 | X7: 서울 강남구 논현로 657 그린빌딩 | Y7: 657 Nonhyeon-ro, Gangnam-gu, Seoul | Z7: 657 Nonhyeon-ro, Gangnam-gu, Seoul | AB7: 자연주의 성형 미학 봉봉성형외과 환자 중심, 안전 중심의 진료를 바탕으로 수술의 정확성을 높이는 첨단 수술 장비와 무균 수술 시스템, 응급 의료 장치들을 갖추고 있으며, 끊임 없는 연구와 국내외에서 왕성한 학술활동을 통한 숙련도 높은 의료진들의 가슴, 체형,여성성형, 재건 성형 등의 분야에서 완성도 높은 결과를 이끄는 의료 서비스를 확인하실 수 있습니다. 진료 분야: 눈,코, 가슴/힙(보형물, 지방 이식, 필러), 줄기세포, 지방(이식,흡입), 복부성형, 안면 거상, 리프팅, 보형물 및 이물질 제거, 가슴/힙 재수술 | AC7: Bong Bong Plastic Surgery pursues natural aesthetic beauty. With a patient-centered and safety-first approach, we are equipped with advanced surgical equipment, sterile operating systems, and emergency medical facilities to ensure precision and safety. Through continuous research and active participation in domestic and international academic activities, our highly skilled medical team delivers exceptional results in breast surgery, body contouring, female plastic surgery, and reconstructive surgery. Main specialties: Eyes, nose, breast/hip (implants, fat grafting, fillers), stem cells, fat (grafting/liposuction), abdominoplasty, facelift, lifting, implant & foreign substance removal, breast/hip revision surgery | AD7: Bong Bong คลินิกศัลยกรรมตกแต่งมุ่งเน้นความงามแบบธรรมชาติ เราดำเนินการรักษาโดยยึดผู้ป่วยเป็นศูนย์กลางและให้ความสำคัญกับความปลอดภัย พร้อมด้วยอุปกรณ์ศัลยกรรมที่ทันสมัย ระบบผ่าตัดปลอดเชื้อ และเครื่องมือฉุกเฉินครบครัน เพื่อความแม่นยำและความปลอดภัยสูงสุด ด้วยการวิจัยอย่างต่อเนื่องและการเข้าร่วมกิจกรรมทางวิชาการทั้งในและต่างประเทศ ทีมแพทย์ผู้เชี่ยวชาญของเรามีความชำนาญสูงในด้านศัลยกรรมหน้าอก การปรับรูปร่าง ศัลยกรรมผู้หญิง และการศัลยกรรมตกแต่งเพื่อการฟื้นฟู สาขาการรักษาหลัก: ตา จมูก หน้าอก/สะโพก (ซิลิโคน ไขมัน ฟิลเลอร์) เซลล์ต้นกำเนิด ไขมัน (ปลูกถ่าย/ดูดไขมัน) ศัลยกรรมหน้าท้อง ดึงหน้า ยกกระชับ เอาซิลิโคนหรือสิ่งแปลกปลอมออก ศัลยกรรมแก้หน้าอก/สะโพก | AF7: 월 10:00 ~ 19:00 화 10:00 ~ 19:00 수 10:00 ~ 19:00 목 10:00 ~ 19:00 금 10:00 ~ 19:00 | AG7: 20300 | AH7: =AT7 -> 2.473 | AJ7: 4.5 | AK7: 8 | AM7: 36 | AN7: 0 | AO7: 0 | AP7: 3.8 | AQ7: 61 | AR7: 0 | AS7: =(AJ7*AK7)+(AL7*AM7)+(AN7*AO7)+(AP7*AQ7)/(AK7+AM7+AO7+AQ7) -> 2.5504762 | AT7: =IF( (AK7*IF(AK7<10,0.5,IF(AK7>=1000,10,IF(AK7>=500,5,IF(AK7>=100,2,1))))) + (AM7*IF(AM7<10,0.5,IF(AM7>=1000,10,IF(AM7>=500,5,IF(AM7>=100,2,1))))) + (AO7*IF(AO7<10,0.5,IF(AO7>=1000,10,IF(AO7>=500,5,IF(AO7>=100,2,1))))) + (AQ7*IF(AQ7<10,0.5,IF(AQ7>=1000,10,IF(AQ7>=500,5,IF(AQ7>=100,2,1))))) =0, "", ROUND( MIN(5, MAX(0, ( AJ7*(AK7*IF(AK7<10,0.5,IF(AK7>=1000,10,IF(AK7>=500,5,IF(AK7>=100,2,1))))) + AL7*(AM7*IF(AM7<10,0.5,IF(AM7>=1000,10,IF(AM7>=500,5,IF(AM7>=100,2,1))))) + AN7*(AO7*IF(AO7<10,0.5,IF(AO7>=1000,10,IF(AO7>=500,5,IF(AO7>=100,2,1))))) + AP7*(AQ7*IF(AQ7<10,0.5,IF(AQ7>=1000,10,IF(AQ7>=500,5,IF(AQ7>=100,2,1))))) ) / ( (AK7*IF(AK7<10,0.5,IF(AK7>=1000,10,IF(AK7>=500,5,IF(AK7>=100,2,1))))) + (AM7*IF(AM7<10,0.5,IF(AM7>=1000,10,IF(AM7>=500,5,IF(AM7>=100,2,1))))) + (AO7*IF(AO7<10,0.5,IF(AO7>=1000,10,IF(AO7>=500,5,IF(AO7>=100,2,1))))) + (AQ7*IF(AQ7<10,0.5,IF(AQ7>=1000,10,IF(AQ7>=500,5,IF(AQ7>=100,2,1))))) ) ) ), 3 ) ) -> 2.473
A8: 6 | B8: O | C8: 7 | D8: 4.5 | E8: =SUM( COUNTIF('리뷰 전체 모음 시트'!H:H, P8) ) -> 23 | F8: O | G8: O | H8: O | I8: △ | J8: O | K8: O | L8: O | M8: =COUNTIFS('의사 등록'!D:D, P8, '의사 등록'!E:E, "<>") -> 7 | N8: =COUNTIFS('의사 등록'!D:D, P8, '의사 등록'!T:T, "<>") -> 7 | O8: 리프팅 | P8: V&MJ피부과의원 | Q8: V&MJ Dermatology | R8: V&MJ คลินิกผิวหนัง | S8: 서울 강남구 신사동 | T8: Sinsa-dong, Gangnam-gu, Seoul | U8: แขวงซินซา เขตคังนัม กรุงโซล | V8: 37.522039 | W8: 127.03473 | X8: 서울 강남구 도산대로 303 | Y8: 303 Dosan-daero, Gangnam-gu, Seoul | Z8: 303 Dosan-daero, Gangnam-gu, Seoul | AB8: 기대가 현실이 되는 당신만을 위한 뷰티파라다이스 V&MJ 피부과 성형외과 입니다. V&MJ 피부과 성형외과는 피부만을 연구해온 전문 의료진과 해부학적 지식이 높은 성형외과 전문의의 풍부한 임상경험과 고객만을 생각하는 서비스를 통해 개개인의 아름다움을 이끌어냅니다. 그 어느병원에서도 경험하지 못한 커스터마이징이 당신을 찾아갑니다. | AC8: Welcome to V&MJ Dermatology & Plastic Surgery, your personal beauty paradise where expectations become reality. At V&MJ, our team of dermatology experts and plastic surgeons with deep anatomical knowledge and extensive clinical experience are dedicated to enhancing your natural beauty through personalized, patient-focused care. Experience a level of customization and service that you won’t find anywhere else. | AD8: ขอต้อนรับสู่ V&MJ คลินิกผิวหนังและศัลยกรรมตกแต่ง พาราไดซ์แห่งความงามที่ทำให้ความคาดหวังของคุณกลายเป็นจริง ที่ V&MJ ทีมแพทย์ผู้เชี่ยวชาญด้านผิวหนังและศัลยแพทย์ตกแต่งที่มีความรู้ด้านกายวิภาคอย่างลึกซึ้งและประสบการณ์ทางคลินิกมากมาย พร้อมดูแลและดึงความงามเฉพาะตัวของคุณออกมาด้วยบริการที่ใส่ใจในทุกรายละเอียด สัมผัสประสบการณ์การปรับแต่งเฉพาะบุคคลที่ไม่สามารถหาได้จากที่ใดมาก่อน | AF8: 월 10:00 ~ 19:00 화 10:00 ~ 19:00 수 10:00 ~ 19:00 목 10:00 ~ 19:00 금 10:00 ~ 21:00 토 10:00 ~ 16:00 | AG8: 800 | AH8: =AT8 -> 4.4 | AJ8: 4.8 | AK8: 95 | AL8: 4.4 | AM8: 1290 | AN8: 0 | AO8: 0 | AP8: 4 | AQ8: 95 | AR8: 85 | AS8: =(AJ8*AK8)+(AL8*AM8)+(AN8*AO8)+(AP8*AQ8)/(AK8+AM8+AO8+AQ8) -> 4.4 | AT8: =IF( (AK8*IF(AK8<10,0.5,IF(AK8>=1000,10,IF(AK8>=500,5,IF(AK8>=100,2,1))))) + (AM8*IF(AM8<10,0.5,IF(AM8>=1000,10,IF(AM8>=500,5,IF(AM8>=100,2,1))))) + (AO8*IF(AO8<10,0.5,IF(AO8>=1000,10,IF(AO8>=500,5,IF(AO8>=100,2,1))))) + (AQ8*IF(AQ8<10,0.5,IF(AQ8>=1000,10,IF(AQ8>=500,5,IF(AQ8>=100,2,1))))) =0, "", ROUND( MIN(5, MAX(0, ( AJ8*(AK8*IF(AK8<10,0.5,IF(AK8>=1000,10,IF(AK8>=500,5,IF(AK8>=100,2,1))))) + AL8*(AM8*IF(AM8<10,0.5,IF(AM8>=1000,10,IF(AM8>=500,5,IF(AM8>=100,2,1))))) + AN8*(AO8*IF(AO8<10,0.5,IF(AO8>=1000,10,IF(AO8>=500,5,IF(AO8>=100,2,1))))) + AP8*(AQ8*IF(AQ8<10,0.5,IF(AQ8>=1000,10,IF(AQ8>=500,5,IF(AQ8>=100,2,1))))) ) / ( (AK8*IF(AK8<10,0.5,IF(AK8>=1000,10,IF(AK8>=500,5,IF(AK8>=100,2,1))))) + (AM8*IF(AM8<10,0.5,IF(AM8>=1000,10,IF(AM8>=500,5,IF(AM8>=100,2,1))))) + (AO8*IF(AO8<10,0.5,IF(AO8>=1000,10,IF(AO8>=500,5,IF(AO8>=100,2,1))))) + (AQ8*IF(AQ8<10,0.5,IF(AQ8>=1000,10,IF(AQ8>=500,5,IF(AQ8>=100,2,1))))) ) ) ), 3 ) ) -> 4.4
A9: 7 | B9: O | C9: 8 | D9: 5 | E9: =SUM( COUNTIF('리뷰 전체 모음 시트'!H:H, P9) ) -> 33 | F9: O | G9: O | H9: O | I9: O | J9: O | K9: O | L9: O | M9: =COUNTIFS('의사 등록'!D:D, P9, '의사 등록'!E:E, "<>") -> 3 | N9: =COUNTIFS('의사 등록'!D:D, P9, '의사 등록'!T:T, "<>") -> 3 | O9: 눈, 코 | P9: 땡큐성형외과의원 | Q9: Thank You Plastic surgery | R9: แทงก์ยูคลินิกศัลยกรรมตกแต่ง | S9: 서울 강남구 역삼동 | T9: Yeoksam-dong, Gangnam-gu, Seoul | U9: แขวงย็อกซัม เขตคังนัม กรุงโซล | V9: 37.502487 | W9: 127.02602 | X9: 서울 강남구 역삼동 814-1 | Y9: 446 Gangnam-daero, Gangnam-gu, Seoul | Z9: 446 Gangnam-daero, Gangnam-gu, Seoul | AB9: THANK YOU Plastic Surgery 안전 중심 플랜 , 나를 아끼는 고마움 풍부한 임상 경험과 연구를 바탕으로 과잉 진료 없이 환자에게 어울리는 최고의 아름다움을 선물합니다🧑🏻‍⚕️ ✔️풍부한 경험을 가진 각 분야 전담 의료진 직접 상담 및 수술 ✔️ 고객의 안전을 최우선시 하는 대학 병원급 안전 관리 시스템 ✔️만족도 높은 수술 결과를 위한 체계적인 수술 후 관리 시스템 ✔️ 대리수술 0% , 수술 실명제 실시 오직 당신만을 위한 땡큐 뷰티철학🍀 | AC9: THANK YOU Plastic Surgery — a safety-centered plan and the value of self-appreciation. Based on extensive clinical experience and research, we provide patients with the most suitable beauty without unnecessary treatments. 🧑🏻‍⚕️✔️ Direct consultation and surgery by dedicated specialists with abundant experience in each field ✔️ University hospital–level safety management system prioritizing patient safety ✔️ Systematic postoperative care for highly satisfying surgical results ✔️ Zero proxy surgery, with a real-name surgery system in place Only for you — the Thank You beauty philosophy. 🍀 | AD9: THANK YOU Plastic Surgery — แผนการรักษาที่มุ่งเน้นความปลอดภัยและคุณค่าของการเห็นคุณค่าในตัวเอง โดยอาศัยประสบการณ์ทางคลินิกและงานวิจัยที่หลากหลาย เรามอบความงามที่เหมาะสมที่สุดแก่ผู้ป่วยโดยไม่ทำการรักษาเกินความจำเป็น 🧑🏻‍⚕️ ✔️ ปรึกษาและผ่าตัดโดยแพทย์ผู้เชี่ยวชาญเฉพาะด้านที่มีประสบการณ์สูง ✔️ ระบบการจัดการความปลอดภัยระดับโรงพยาบาลมหาวิทยาลัย ที่ให้ความสำคัญกับความปลอดภัยของผู้ป่วยเป็นอันดับแรก ✔️ ระบบการดูแลหลังการผ่าตัดอย่างเป็นระบบ เพื่อผลลัพธ์ที่น่าพึงพอใจ ✔️ ไม่มีการผ่าตัดแทน (0%) พร้อมระบบระบุชื่อศัลยแพทย์ที่ชัดเจน ปรัชญาความงามของ Thank You — มีไว้เพื่อคุณคนเดียว 🍀 | AF9: {"friday":{"openTime":"2025-04-01T01:00:00.000Z","closeTime":"2025-04-01T10:00:00.000Z","monday":{"openTime":"2025-04-01T01:00:00.000Z","closeTime":"2025-04-01T10:00:00.000Z","sunday":{"holiday":true,"tuesday":{"openTime":"2025-04-01T01:00:00.000Z","closeTime":"2025-04-01T10:00:00.000Z","saturday":{"openTime":"2025-04-01T01:00:00.000Z","closeTime":"2025-04-01T07:00:00.000Z","thursday":{"openTime":"2025-04-01T01:00:00.000Z","closeTime":"2025-04-01T10:00:00.000Z","wednesday":{"openTime":"2025-04-01T01:00:00.000Z","closeTime":"2025-04-01T10:00:00.000Z" | AG9: 1620 | AH9: =AT9 -> 4.226 | AJ9: 4.9 | AK9: 823 | AM9: 267 | AN9: 4.5 | AO9: 82 | AP9: 4.1 | AQ9: 856 | AR9: 85 | AS9: =(AJ9*AK9)+(AL9*AM9)+(AN9*AO9)+(AP9*AQ9)/(AK9+AM9+AO9+AQ9) -> 3.9010355 | AT9: =IF( (AK9*IF(AK9<10,0.5,IF(AK9>=1000,10,IF(AK9>=500,5,IF(AK9>=100,2,1))))) + (AM9*IF(AM9<10,0.5,IF(AM9>=1000,10,IF(AM9>=500,5,IF(AM9>=100,2,1))))) + (AO9*IF(AO9<10,0.5,IF(AO9>=1000,10,IF(AO9>=500,5,IF(AO9>=100,2,1))))) + (AQ9*IF(AQ9<10,0.5,IF(AQ9>=1000,10,IF(AQ9>=500,5,IF(AQ9>=100,2,1))))) =0, "", ROUND( MIN(5, MAX(0, ( AJ9*(AK9*IF(AK9<10,0.5,IF(AK9>=1000,10,IF(AK9>=500,5,IF(AK9>=100,2,1))))) + AL9*(AM9*IF(AM9<10,0.5,IF(AM9>=1000,10,IF(AM9>=500,5,IF(AM9>=100,2,1))))) + AN9*(AO9*IF(AO9<10,0.5,IF(AO9>=1000,10,IF(AO9>=500,5,IF(AO9>=100,2,1))))) + AP9*(AQ9*IF(AQ9<10,0.5,IF(AQ9>=1000,10,IF(AQ9>=500,5,IF(AQ9>=100,2,1))))) ) / ( (AK9*IF(AK9<10,0.5,IF(AK9>=1000,10,IF(AK9>=500,5,IF(AK9>=100,2,1))))) + (AM9*IF(AM9<10,0.5,IF(AM9>=1000,10,IF(AM9>=500,5,IF(AM9>=100,2,1))))) + (AO9*IF(AO9<10,0.5,IF(AO9>=1000,10,IF(AO9>=500,5,IF(AO9>=100,2,1))))) + (AQ9*IF(AQ9<10,0.5,IF(AQ9>=1000,10,IF(AQ9>=500,5,IF(AQ9>=100,2,1))))) ) ) ), 3 ) ) -> 4.226 | AV9: APPROVED | AY9: FALSE | AZ9: 32e88b22-9200-4190-8656-08ad07df140c | BA9: 45748.284 | BB9: 45856.251
A10: 8 | B10: O | C10: 9 | D10: 4.9 | E10: =SUM( COUNTIF('리뷰 전체 모음 시트'!H:H, P10) ) -> 15 | F10: O | G10: O | H10: O | I10: △ | J10: O | K10: O | L10: O | M10: =COUNTIFS('의사 등록'!D:D, P10, '의사 등록'!E:E, "<>") -> 1 | N10: =COUNTIFS('의사 등록'!D:D, P10, '의사 등록'!T:T, "<>") -> 1 | O10: 눈, 리프팅 | P10: 연세다인성형외과의원 | Q10: YONSEI DAIN Plastic Surgery | R10: YONSEI DAIN คลินิกศัลยกรรมตกแต่ง | S10: 서울 강남구 신사동 | T10: Sinsa-dong, Gangnam-gu, Seoul | U10: แขวงซินซา เขตคังนัม กรุงโซล | V10: 37.524808 | W10: 127.02783 | X10: 서울 강남구 압구정로28길 25 동심빌딩 3층 | Y10: 25 Apgujeong-ro 28-gil, Gangnam-gu, Seoul | Z10: 25 Apgujeong-ro 28-gil, Gangnam-gu, Seoul | AB10: 안전하고 고객만족 중심의 가치를 높이는 시술을 합니다. 연세다인성형외과가 당신의 아름다움의 기준이 됩니다. | AC10: We provide procedures that prioritize safety and enhance customer satisfaction. Yonsei Dain Plastic Surgery sets the new standard of beauty for you. | AD10: เรามุ่งเน้นการทำหัตถการที่ปลอดภัยและมอบความพึงพอใจสูงสุดให้กับลูกค้า Yonsei Dain คลินิกศัลยกรรมตกแต่ง คือมาตรฐานใหม่แห่งความงามสำหรับคุณ | AF10: 월 10:00 ~ 18:30 화 10:00 ~ 18:30 수 10:00 ~ 18:30 목 10:00 ~ 18:30 금 10:00 ~ 18:30 토 10:00 ~ 15:00 | AG10: 가격 명시X (1500) | AH10: =AT10 -> 2.032 | AJ10: 5 | AK10: 3 | AL10: 0 | AM10: 27 | AN10: 0 | AO10: 0 | AP10: 3.9 | AQ10: 27 | AR10: 84 | AS10: =(AJ10*AK10)+(AL10*AM10)+(AN10*AO10)+(AP10*AQ10)/(AK10+AM10+AO10+AQ10) -> 2.1105263 | AT10: =IF( (AK10*IF(AK10<10,0.5,IF(AK10>=1000,10,IF(AK10>=500,5,IF(AK10>=100,2,1))))) + (AM10*IF(AM10<10,0.5,IF(AM10>=1000,10,IF(AM10>=500,5,IF(AM10>=100,2,1))))) + (AO10*IF(AO10<10,0.5,IF(AO10>=1000,10,IF(AO10>=500,5,IF(AO10>=100,2,1))))) + (AQ10*IF(AQ10<10,0.5,IF(AQ10>=1000,10,IF(AQ10>=500,5,IF(AQ10>=100,2,1))))) =0, "", ROUND( MIN(5, MAX(0, ( AJ10*(AK10*IF(AK10<10,0.5,IF(AK10>=1000,10,IF(AK10>=500,5,IF(AK10>=100,2,1))))) + AL10*(AM10*IF(AM10<10,0.5,IF(AM10>=1000,10,IF(AM10>=500,5,IF(AM10>=100,2,1))))) + AN10*(AO10*IF(AO10<10,0.5,IF(AO10>=1000,10,IF(AO10>=500,5,IF(AO10>=100,2,1))))) + AP10*(AQ10*IF(AQ10<10,0.5,IF(AQ10>=1000,10,IF(AQ10>=500,5,IF(AQ10>=100,2,1))))) ) / ( (AK10*IF(AK10<10,0.5,IF(AK10>=1000,10,IF(AK10>=500,5,IF(AK10>=100,2,1))))) + (AM10*IF(AM10<10,0.5,IF(AM10>=1000,10,IF(AM10>=500,5,IF(AM10>=100,2,1))))) + (AO10*IF(AO10<10,0.5,IF(AO10>=1000,10,IF(AO10>=500,5,IF(AO10>=100,2,1))))) + (AQ10*IF(AQ10<10,0.5,IF(AQ10>=1000,10,IF(AQ10>=500,5,IF(AQ10>=100,2,1))))) ) ) ), 3 ) ) -> 2.032
A11: 9 | B11: O | C11: 10 | D11: 4.8 | E11: =SUM( COUNTIF('리뷰 전체 모음 시트'!H:H, P11) ) -> 23 | F11: O | G11: O | H11: O | I11: O | J11: O | K11: O | L11: O | M11: =COUNTIFS('의사 등록'!D:D, P11, '의사 등록'!E:E, "<>") -> 2 | N11: =COUNTIFS('의사 등록'!D:D, P11, '의사 등록'!T:T, "<>") -> 2 | O11: 바디 | P11: 허쉬성형외과의원 | Q11: HERSHE Plastic Surgery | R11: คลินิกศัลยกรรมตกแต่งเฮอชี | S11: 서울 강남구 청담동 | T11: Cheongdam-dong, Gangnam-gu, Seoul | U11: แขวงชองดัม เขตคังนัม กรุงโซล | V11: 37.52099 | W11: 127.04945 | X11: 서울 강남구 삼성로 730 2~4층 | Y11: 730 Samseong-ro, Gangnam-gu, Seoul | Z11: 730 Samseong-ro, Gangnam-gu, Seoul | AB11: 1992년 설립이래 지금까지 수많은 고객과 함께해 온 허쉬성형외과는 ‘자연스러움’이라는 가치를 최우선으로 생각하며, 각 분야별 전담 의료진의 깊이 있는 전문성과 오랜 임상 경험, 그리고 혁신적인 접근을 바탕으로 정교하고 안정적인 시술을 제공합니다. 안정적인 의료 서비스를 제공해 온 공로를 인정받아 보건복지부장관상을 수상한 바 있습니다. | AC11: Since its establishment in 1992, HERSHE Plastic Surgery Clinic has walked alongside countless clients, valuing “natural beauty” as its top priority. With a team of specialized medical professionals in each field, deep expertise, extensive clinical experience, and an innovative approach, HERSHE provides precise and reliable treatments. In recognition of its excellence and contribution to safe medical service, the clinic was honored with the Minister of Health and Welfare Award. | AD11: ตั้งแต่ก่อตั้งขึ้นในปี ค.ศ. 1992 HERSHE Plastic Surgery Clinic ได้ดูแลลูกค้ามากมายโดยยึดถือ “ความงามอย่างเป็นธรรมชาติ” เป็นคุณค่าที่สำคัญที่สุด ทีมแพทย์ผู้เชี่ยวชาญเฉพาะทางแต่ละสาขามีความรู้ลึกซึ้ง ประสบการณ์ทางคลินิกยาวนาน และแนวทางที่เป็นนวัตกรรม จึงสามารถมอบการรักษาที่ละเอียดและปลอดภัยได้อย่างมั่นใจ ทั้งนี้คลินิกได้รับ รางวัลเกียรติคุณจากรัฐมนตรีว่าการกระทรวงสาธารณสุขเกาหลี เพื่อยกย่องในความเป็นเลิศด้านบริการทางการแพทย์ที่ปลอดภัย | AF11: 월 10:00 ~ 19:00 화 10:00 ~ 19:00 수 10:00 ~ 19:00 목 10:00 ~ 19:00 금 10:00 ~ 19:00 토 10:00 ~ 16:00 | AG11: 2700 | AH11: =AT11 -> 1.82 | AJ11: 5 | AK11: 42 | AL11: 0 | AM11: 157 | AN11: 0 | AO11: 0 | AP11: 3.6 | AQ11: 123 | AR11: 74 | AS11: =(AJ11*AK11)+(AL11*AM11)+(AN11*AO11)+(AP11*AQ11)/(AK11+AM11+AO11+AQ11) -> 2.0273292 | AT11: =IF( (AK11*IF(AK11<10,0.5,IF(AK11>=1000,10,IF(AK11>=500,5,IF(AK11>=100,2,1))))) + (AM11*IF(AM11<10,0.5,IF(AM11>=1000,10,IF(AM11>=500,5,IF(AM11>=100,2,1))))) + (AO11*IF(AO11<10,0.5,IF(AO11>=1000,10,IF(AO11>=500,5,IF(AO11>=100,2,1))))) + (AQ11*IF(AQ11<10,0.5,IF(AQ11>=1000,10,IF(AQ11>=500,5,IF(AQ11>=100,2,1))))) =0, "", ROUND( MIN(5, MAX(0, ( AJ11*(AK11*IF(AK11<10,0.5,IF(AK11>=1000,10,IF(AK11>=500,5,IF(AK11>=100,2,1))))) + AL11*(AM11*IF(AM11<10,0.5,IF(AM11>=1000,10,IF(AM11>=500,5,IF(AM11>=100,2,1))))) + AN11*(AO11*IF(AO11<10,0.5,IF(AO11>=1000,10,IF(AO11>=500,5,IF(AO11>=100,2,1))))) + AP11*(AQ11*IF(AQ11<10,0.5,IF(AQ11>=1000,10,IF(AQ11>=500,5,IF(AQ11>=100,2,1))))) ) / ( (AK11*IF(AK11<10,0.5,IF(AK11>=1000,10,IF(AK11>=500,5,IF(AK11>=100,2,1))))) + (AM11*IF(AM11<10,0.5,IF(AM11>=1000,10,IF(AM11>=500,5,IF(AM11>=100,2,1))))) + (AO11*IF(AO11<10,0.5,IF(AO11>=1000,10,IF(AO11>=500,5,IF(AO11>=100,2,1))))) + (AQ11*IF(AQ11<10,0.5,IF(AQ11>=1000,10,IF(AQ11>=500,5,IF(AQ11>=100,2,1))))) ) ) ), 3 ) ) -> 1.82
A12: 10 | B12: O | C12: 11 | D12: 4.7 | E12: =SUM( COUNTIF('리뷰 전체 모음 시트'!H:H, P12) ) -> 23 | F12: O | G12: O | H12: O | I12: O | J12: O | K12: O | L12: O | M12: =COUNTIFS('의사 등록'!D:D, P12, '의사 등록'!E:E, "<>") -> 4 | N12: =COUNTIFS('의사 등록'!D:D, P12, '의사 등록'!T:T, "<>") -> 4 | O12: 바디 | P12: 플랜에스의원 | Q12: Plan S Clinic | R12: Plan S คลินิก | S12: 서울 강남구 역삼동 | T12: Yeoksam-dong, Gangnam-gu, Seoul | U12: แขวงย็อกซัม เขตคังนัม กรุงโซล | V12: 37.499214 | W12: 127.02747 | X12: 서울 강남구 강남대로 408 YBM강남센터 B1, 2층 | Y12: 408 Gangnam-daero, Gangnam-gu, Seoul | Z12: 408 Gangnam-daero, Gangnam-gu, Seoul | AB12: 라인을 찾는 공간, 플랜에스의원 다이어트·리프팅 중점 진료 | AC12: A place to discover your perfect line — Plan S Clinic, specializing in diet and lifting treatments. | AD12: พื้นที่สำหรับค้นหาเส้นสวยในแบบของคุณ — Plan S คลินิกผู้เชี่ยวชาญด้านการลดน้ำหนักและการยกกระชับ | AF12: 월 10:30 ~ 20:00 화 10:30 ~ 20:00 수 10:30 ~ 20:00 목 10:30 ~ 20:00 금 10:30 ~ 20:00 토 10:30 ~ 16:00 | AG12: 800 | AH12: =AT12 -> 2.964 | AJ12: 4.9 | AK12: 1853 | AM12: 1210 | AN12: 0 | AO12: 0 | AP12: 4 | AQ12: 7 | AR12: 0 | AS12: =(AJ12*AK12)+(AL12*AM12)+(AN12*AO12)+(AP12*AQ12)/(AK12+AM12+AO12+AQ12) -> 2.9666775 | AT12: =IF( (AK12*IF(AK12<10,0.5,IF(AK12>=1000,10,IF(AK12>=500,5,IF(AK12>=100,2,1))))) + (AM12*IF(AM12<10,0.5,IF(AM12>=1000,10,IF(AM12>=500,5,IF(AM12>=100,2,1))))) + (AO12*IF(AO12<10,0.5,IF(AO12>=1000,10,IF(AO12>=500,5,IF(AO12>=100,2,1))))) + (AQ12*IF(AQ12<10,0.5,IF(AQ12>=1000,10,IF(AQ12>=500,5,IF(AQ12>=100,2,1))))) =0, "", ROUND( MIN(5, MAX(0, ( AJ12*(AK12*IF(AK12<10,0.5,IF(AK12>=1000,10,IF(AK12>=500,5,IF(AK12>=100,2,1))))) + AL12*(AM12*IF(AM12<10,0.5,IF(AM12>=1000,10,IF(AM12>=500,5,IF(AM12>=100,2,1))))) + AN12*(AO12*IF(AO12<10,0.5,IF(AO12>=1000,10,IF(AO12>=500,5,IF(AO12>=100,2,1))))) + AP12*(AQ12*IF(AQ12<10,0.5,IF(AQ12>=1000,10,IF(AQ12>=500,5,IF(AQ12>=100,2,1))))) ) / ( (AK12*IF(AK12<10,0.5,IF(AK12>=1000,10,IF(AK12>=500,5,IF(AK12>=100,2,1))))) + (AM12*IF(AM12<10,0.5,IF(AM12>=1000,10,IF(AM12>=500,5,IF(AM12>=100,2,1))))) + (AO12*IF(AO12<10,0.5,IF(AO12>=1000,10,IF(AO12>=500,5,IF(AO12>=100,2,1))))) + (AQ12*IF(AQ12<10,0.5,IF(AQ12>=1000,10,IF(AQ12>=500,5,IF(AQ12>=100,2,1))))) ) ) ), 3 ) ) -> 2.964
A13: 11 | B13: O | C13: 12 | D13: 4.6 | E13: =SUM( COUNTIF('리뷰 전체 모음 시트'!H:H, P13) ) -> 23 | F13: O | G13: O | H13: O | I13: O | J13: O | K13: O | L13: O | M13: =COUNTIFS('의사 등록'!D:D, P13, '의사 등록'!E:E, "<>") -> 4 | N13: =COUNTIFS('의사 등록'!D:D, P13, '의사 등록'!T:T, "<>") -> 4 | O13: 안면윤곽 | P13: 일퍼센트성형외과의원 | Q13: 1% One Percent Plastic Surgery | R13: 1% ศัลยกรรมตกแต่งหนึ่งเปอร์เซ็นต์ | S13: 서울 강남구 논현동 | T13: Nonhyeon-dong, Gangnam-gu, Seoul | U13: แขวงนอนฮยอน เขตคังนัม กรุงโซล | V13: 37.51748 | W13: 127.02375 | X13: 서울 강남구 도산대로 138 (논현동) 7,8층 | Y13: 7F, 8F 138 Dosan-daero, Gangnam-gu, Seoul | Z13: 7F, 8F 138 Dosan-daero, Gangnam-gu, Seoul | AB13: 1%의 디테일이 수술결과와 만족감을 좌우한다는 것 일퍼센트는 그 1%를 지키고자 합니다 | AC13: 1% of detail determines surgical results and satisfaction. Ilpercent strives to preserve that 1%. | AD13: รายละเอียด 1% เป็นตัวกำหนดผลลัพธ์และความพึงพอใจในการผ่าตัด Ilpercent มุ่งมั่นที่จะรักษารายละเอียด 1% นี้ไว้ | AF13: 월 10:00~19:00 화 10:00~19:00 수 10:00~19:00 목 10:00~19:00 금 10:00~21:00 토 10:00~16:00 | AG13: 8700 | AH13: =AT13 -> 1.972 | AJ13: 4.4 | AK13: 9 | AM13: 300 | AP13: 3.9 | AQ13: 304 | AR13: 79 | AS13: =(AJ13*AK13)+(AL13*AM13)+(AN13*AO13)+(AP13*AQ13)/(AK13+AM13+AO13+AQ13) -> 1.9986949 | AT13: =IF( (AK13*IF(AK13<10,0.5,IF(AK13>=1000,10,IF(AK13>=500,5,IF(AK13>=100,2,1))))) + (AM13*IF(AM13<10,0.5,IF(AM13>=1000,10,IF(AM13>=500,5,IF(AM13>=100,2,1))))) + (AO13*IF(AO13<10,0.5,IF(AO13>=1000,10,IF(AO13>=500,5,IF(AO13>=100,2,1))))) + (AQ13*IF(AQ13<10,0.5,IF(AQ13>=1000,10,IF(AQ13>=500,5,IF(AQ13>=100,2,1))))) =0, "", ROUND( MIN(5, MAX(0, ( AJ13*(AK13*IF(AK13<10,0.5,IF(AK13>=1000,10,IF(AK13>=500,5,IF(AK13>=100,2,1))))) + AL13*(AM13*IF(AM13<10,0.5,IF(AM13>=1000,10,IF(AM13>=500,5,IF(AM13>=100,2,1))))) + AN13*(AO13*IF(AO13<10,0.5,IF(AO13>=1000,10,IF(AO13>=500,5,IF(AO13>=100,2,1))))) + AP13*(AQ13*IF(AQ13<10,0.5,IF(AQ13>=1000,10,IF(AQ13>=500,5,IF(AQ13>=100,2,1))))) ) / ( (AK13*IF(AK13<10,0.5,IF(AK13>=1000,10,IF(AK13>=500,5,IF(AK13>=100,2,1))))) + (AM13*IF(AM13<10,0.5,IF(AM13>=1000,10,IF(AM13>=500,5,IF(AM13>=100,2,1))))) + (AO13*IF(AO13<10,0.5,IF(AO13>=1000,10,IF(AO13>=500,5,IF(AO13>=100,2,1))))) + (AQ13*IF(AQ13<10,0.5,IF(AQ13>=1000,10,IF(AQ13>=500,5,IF(AQ13>=100,2,1))))) ) ) ), 3 ) ) -> 1.972
A14: 12 | B14: O | C14: 13 | D14: 4.5 | E14: =SUM( COUNTIF('리뷰 전체 모음 시트'!H:H, P14) ) -> 23 | F14: O | G14: O | H14: O | I14: O | J14: O | K14: O | L14: O | M14: =COUNTIFS('의사 등록'!D:D, P14, '의사 등록'!E:E, "<>") -> 1 | N14: =COUNTIFS('의사 등록'!D:D, P14, '의사 등록'!T:T, "<>") -> 1 | O14: 눈 | P14: 슈가성형외과의원 | Q14: SUGAR Plastic Surgery | R14: SUGAR คลินิกศัลยกรรมตกแต่ง | S14: 서울 서초구 서초동 | T14: Seocho-dong, Seocho-gu, Seoul | U14: แขวงซอชโช เขตซอชโช กรุงโซล | V14: 37.50342 | W14: 127.02447 | X14: 서울 서초구 강남대로 463 8층 | Y14: 463 Gangnam-daero, Seocho-gu, Seoul | Z14: 463 Gangnam-daero, Seocho-gu, Seoul | AB14: 슈가성형외과는 개인별 맞춤 성형으로 만족스러운 결과를 위해 항상 노력하고 있습니다. 고객 한명의 첫 방문부터 회복까지 전문의와의 편안한 동행이 계속됩니다. 진실성 있는 진료로 필요한 수술만을 권하고 보다 나은 결과로 고객이 행복할 수 있도록 노력합니다. 최신 수술 시스템으로 첫 만남과 마지막 만남이 유쾌할 수 있도록 노력합니다. | AC14: Suga Plastic Surgery is dedicated to providing personalized procedures tailored to each individual for the most satisfying results. From the very first visit to full recovery, our board-certified specialists accompany every patient with comfort and care. With honesty and integrity, we recommend only the procedures that are truly necessary and strive to deliver results that bring genuine happiness to our clients. Using the latest surgical systems, we aim to make both your first and final visit a pleasant and reassuring experience. | AD14: คลินิกศัลยกรรม Suga Plastic Surgery มุ่งมั่นในการให้บริการศัลยกรรมแบบ เฉพาะบุคคล เพื่อผลลัพธ์ที่น่าพึงพอใจที่สุดสำหรับคนไข้แต่ละราย ตั้งแต่การเข้ารับคำปรึกษาครั้งแรกจนถึงช่วงพักฟื้น คุณหมอผู้เชี่ยวชาญจะดูแลอย่างใกล้ชิดตลอดทุกขั้นตอน เรายึดมั่นในความซื่อสัตย์ แนะนำเฉพาะการผ่าตัดที่จำเป็นจริง ๆ และมุ่งมั่นให้ผลลัพธ์ที่ทำให้ผู้รับบริการมีความสุขที่สุด ด้วย เทคโนโลยีการผ่าตัดที่ทันสมัย เราพยายามให้ทุกการพบกันตั้งแต่ครั้งแรกจนถึงครั้งสุดท้ายเป็นประสบการณ์ที่ดีและน่าประทับใจ | AF14: 월 10:00 ~ 19:00 화 10:00 ~ 19:00 수 10:00 ~ 19:00 목 10:00 ~ 19:00 금 10:00 ~ 19:00 토 10:00 ~ 16:00 | AG14: 1900 | AH14: =AT14 -> 3.754 | AJ14: 5 | AK14: 80 | AL14: 0 | AM14: 58 | AN14: 4.1 | AO14: 14 | AP14: 4.2 | AQ14: 127 | AR14: 73 | AS14: =(AJ14*AK14)+(AL14*AM14)+(AN14*AO14)+(AP14*AQ14)/(AK14+AM14+AO14+AQ14) -> 3.5512545 | AT14: =IF( (AK14*IF(AK14<10,0.5,IF(AK14>=1000,10,IF(AK14>=500,5,IF(AK14>=100,2,1))))) + (AM14*IF(AM14<10,0.5,IF(AM14>=1000,10,IF(AM14>=500,5,IF(AM14>=100,2,1))))) + (AO14*IF(AO14<10,0.5,IF(AO14>=1000,10,IF(AO14>=500,5,IF(AO14>=100,2,1))))) + (AQ14*IF(AQ14<10,0.5,IF(AQ14>=1000,10,IF(AQ14>=500,5,IF(AQ14>=100,2,1))))) =0, "", ROUND( MIN(5, MAX(0, ( AJ14*(AK14*IF(AK14<10,0.5,IF(AK14>=1000,10,IF(AK14>=500,5,IF(AK14>=100,2,1))))) + AL14*(AM14*IF(AM14<10,0.5,IF(AM14>=1000,10,IF(AM14>=500,5,IF(AM14>=100,2,1))))) + AN14*(AO14*IF(AO14<10,0.5,IF(AO14>=1000,10,IF(AO14>=500,5,IF(AO14>=100,2,1))))) + AP14*(AQ14*IF(AQ14<10,0.5,IF(AQ14>=1000,10,IF(AQ14>=500,5,IF(AQ14>=100,2,1))))) ) / ( (AK14*IF(AK14<10,0.5,IF(AK14>=1000,10,IF(AK14>=500,5,IF(AK14>=100,2,1))))) + (AM14*IF(AM14<10,0.5,IF(AM14>=1000,10,IF(AM14>=500,5,IF(AM14>=100,2,1))))) + (AO14*IF(AO14<10,0.5,IF(AO14>=1000,10,IF(AO14>=500,5,IF(AO14>=100,2,1))))) + (AQ14*IF(AQ14<10,0.5,IF(AQ14>=1000,10,IF(AQ14>=500,5,IF(AQ14>=100,2,1))))) ) ) ), 3 ) ) -> 3.754
A15: 13 | B15: O | C15: 14 | D15: 5 | E15: =SUM( COUNTIF('리뷰 전체 모음 시트'!H:H, P15) ) -> 20 | F15: O | G15: O | H15: O | I15: △ | J15: O | K15: O | L15: O | M15: =COUNTIFS('의사 등록'!D:D, P15, '의사 등록'!E:E, "<>") -> 2 | N15: =COUNTIFS('의사 등록'!D:D, P15, '의사 등록'!T:T, "<>") -> 2 | O15: 리프팅 | P15: 피그마리온의원 | Q15: Pygmalion Clinic | R15: พิกมาลิออน คลินิก | S15: 서울 강남구 청담동 | T15: Cheongdam-dong, Gangnam-gu, Seoul | U15: แขวงชองดัม เขตคังนัม กรุงโซล | V15: 37.52322 | W15: 127.04821 | X15: 서울 강남구 삼성로 766 유림빌딩 | Y15: 766 Samseong-ro, Gangnam-gu, Seoul | Z15: 766 Samseong-ro, Gangnam-gu, Seoul | AB15: 당신의 아름다운 선택을 환영합니다.피그마리온은 편안하고 아름다운 진료환경과 함께 개인에게 가장 적합하고 확실한 효과로 최고의 고객만족을 실현하고 있습니다. 당신의 간절한 소망을 피그마리온에서 이루십시오. | AC15: Welcome to your beautiful choice. Pygmalion offers a comfortable and elegant treatment environment, delivering the most suitable and effective results for each individual to achieve the highest level of customer satisfaction. Let Pygmalion help you achieve your heartfelt wishes. | AD15: ยินดีต้อนรับสู่การตัดสินใจที่งดงามของคุณ Pygmalion มอบสภาพแวดล้อมการรักษาที่สวยงามและผ่อนคลาย พร้อมผลลัพธ์ที่เหมาะสมและเห็นผลชัดเจนสำหรับแต่ละบุคคล เพื่อมอบความพึงพอใจสูงสุดให้กับลูกค้าทุกคน ขอให้ Pygmalion ช่วยทำให้ความปรารถนาที่แท้จริงของคุณเป็นจริง | AF15: 월 10:00 ~ 20:00 화 10:00 ~ 18:00 목 10:00 ~ 20:00 금 10:00 ~ 18:30 토 09:30 ~ 16:00 | AG15: 가격 명시X (1500) | AH15: =AT15 | AL15: 0 | AN15: 0 | AO15: 0 | AR15: 0 | AS15: =(AJ15*AK15)+(AL15*AM15)+(AN15*AO15)+(AP15*AQ15)/(AK15+AM15+AO15+AQ15) -> #DIV/0! | AT15: =IF( (AK15*IF(AK15<10,0.5,IF(AK15>=1000,10,IF(AK15>=500,5,IF(AK15>=100,2,1))))) + (AM15*IF(AM15<10,0.5,IF(AM15>=1000,10,IF(AM15>=500,5,IF(AM15>=100,2,1))))) + (AO15*IF(AO15<10,0.5,IF(AO15>=1000,10,IF(AO15>=500,5,IF(AO15>=100,2,1))))) + (AQ15*IF(AQ15<10,0.5,IF(AQ15>=1000,10,IF(AQ15>=500,5,IF(AQ15>=100,2,1))))) =0, "", ROUND( MIN(5, MAX(0, ( AJ15*(AK15*IF(AK15<10,0.5,IF(AK15>=1000,10,IF(AK15>=500,5,IF(AK15>=100,2,1))))) + AL15*(AM15*IF(AM15<10,0.5,IF(AM15>=1000,10,IF(AM15>=500,5,IF(AM15>=100,2,1))))) + AN15*(AO15*IF(AO15<10,0.5,IF(AO15>=1000,10,IF(AO15>=500,5,IF(AO15>=100,2,1))))) + AP15*(AQ15*IF(AQ15<10,0.5,IF(AQ15>=1000,10,IF(AQ15>=500,5,IF(AQ15>=100,2,1))))) ) / ( (AK15*IF(AK15<10,0.5,IF(AK15>=1000,10,IF(AK15>=500,5,IF(AK15>=100,2,1))))) + (AM15*IF(AM15<10,0.5,IF(AM15>=1000,10,IF(AM15>=500,5,IF(AM15>=100,2,1))))) + (AO15*IF(AO15<10,0.5,IF(AO15>=1000,10,IF(AO15>=500,5,IF(AO15>=100,2,1))))) + (AQ15*IF(AQ15<10,0.5,IF(AQ15>=1000,10,IF(AQ15>=500,5,IF(AQ15>=100,2,1))))) ) ) ), 3 ) )
A16: 14 | B16: O | C16: 15 | D16: 4.9 | E16: =SUM( COUNTIF('리뷰 전체 모음 시트'!H:H, P16) ) -> 43 | F16: O | G16: O | H16: O | I16: O | J16: O | K16: O | L16: O | M16: =COUNTIFS('의사 등록'!D:D, P16, '의사 등록'!E:E, "<>") -> 4 | N16: =COUNTIFS('의사 등록'!D:D, P16, '의사 등록'!T:T, "<>") -> 4 | O16: 눈, 코 | P16: 마인드성형외과의원 | Q16: Mind Plastic Surgery | R16: ไมนด์ศัลยกรรมตกแต่ง | S16: 서울 서초구 반포동 | T16: Banpo-dong, Seocho-gu, Seoul | U16: แขวงพันโพ เขตซอชโช กรุงโซล | V16: 37.508539 | W16: 127.02232 | X16: 서울 서초구 강남대로 519 도충빌딩 7층 | Y16: 7F 519 Gangnam-daero, Seocho-gu, Seoul | Z16: 7F 519 Gangnam-daero, Seocho-gu, Seoul | AB16: 마인드는 안전을 최우선으로 생각하며 완성도 높은 결과를 위해 노력합니다. | AC16: Mind Plastic Surgery prioritizes safety above all and strives to deliver highly refined results. | AD16: ไมนด์ศัลยกรรมตกแต่ง ให้ความสำคัญกับความปลอดภัยเป็นอันดับแรก และมุ่งมั่นเพื่อผลลัพธ์ที่สมบูรณ์แบบในระดับสูง | AF16: 월 10:00 ~ 19:00 화 10:00 ~ 19:00 수 10:00 ~ 19:00 목 10:00 ~ 19:00 금 10:00 ~ 19:00 토 10:00 ~ 17:00 | AG16: 1400 | AH16: =AT16 -> 3.357 | AJ16: 5 | AK16: 4 | AM16: 171 | AN16: 3.4 | AO16: 19 | AP16: 3.6 | AQ16: 943 | AR16: 81 | AS16: =(AJ16*AK16)+(AL16*AM16)+(AN16*AO16)+(AP16*AQ16)/(AK16+AM16+AO16+AQ16) -> 3.0601583 | AT16: =IF( (AK16*IF(AK16<10,0.5,IF(AK16>=1000,10,IF(AK16>=500,5,IF(AK16>=100,2,1))))) + (AM16*IF(AM16<10,0.5,IF(AM16>=1000,10,IF(AM16>=500,5,IF(AM16>=100,2,1))))) + (AO16*IF(AO16<10,0.5,IF(AO16>=1000,10,IF(AO16>=500,5,IF(AO16>=100,2,1))))) + (AQ16*IF(AQ16<10,0.5,IF(AQ16>=1000,10,IF(AQ16>=500,5,IF(AQ16>=100,2,1))))) =0, "", ROUND( MIN(5, MAX(0, ( AJ16*(AK16*IF(AK16<10,0.5,IF(AK16>=1000,10,IF(AK16>=500,5,IF(AK16>=100,2,1))))) + AL16*(AM16*IF(AM16<10,0.5,IF(AM16>=1000,10,IF(AM16>=500,5,IF(AM16>=100,2,1))))) + AN16*(AO16*IF(AO16<10,0.5,IF(AO16>=1000,10,IF(AO16>=500,5,IF(AO16>=100,2,1))))) + AP16*(AQ16*IF(AQ16<10,0.5,IF(AQ16>=1000,10,IF(AQ16>=500,5,IF(AQ16>=100,2,1))))) ) / ( (AK16*IF(AK16<10,0.5,IF(AK16>=1000,10,IF(AK16>=500,5,IF(AK16>=100,2,1))))) + (AM16*IF(AM16<10,0.5,IF(AM16>=1000,10,IF(AM16>=500,5,IF(AM16>=100,2,1))))) + (AO16*IF(AO16<10,0.5,IF(AO16>=1000,10,IF(AO16>=500,5,IF(AO16>=100,2,1))))) + (AQ16*IF(AQ16<10,0.5,IF(AQ16>=1000,10,IF(AQ16>=500,5,IF(AQ16>=100,2,1))))) ) ) ), 3 ) ) -> 3.357
A17: 15 | B17: O | C17: 16 | D17: 4.8 | E17: =SUM( COUNTIF('리뷰 전체 모음 시트'!H:H, P17) ) -> 23 | F17: O | G17: O | H17: O | I17: △ | J17: O | K17: O | L17: O | M17: =COUNTIFS('의사 등록'!D:D, P17, '의사 등록'!E:E, "<>") -> 3 | N17: =COUNTIFS('의사 등록'!D:D, P17, '의사 등록'!T:T, "<>") -> 3 | O17: 피부과 | P17: 클래스원의원 | Q17: Class One Clinic | R17: คลินิกคลาสวัน | S17: 서울 강남구 역삼동 | T17: Yeoksam-dong, Gangnam-gu, Seoul | U17: แขวงย็อกซัม เขตคังนัม กรุงโซล | V17: 37.497835 | W17: 127.02858 | X17: 서울특별시 강남구 강남대로 390 10층 | Y17: 10F 390 Gangnam-daero, Gangnam-gu, Seoul | Z17: 10F 390 Gangnam-daero, Gangnam-gu, Seoul | AB17: Class No.1 - Only No.1 CLASS ONE CLINIC 단 하나뿐인 나를 위한, 나만을 위한, 진정한 나를 찾아가는 여정 | AC17: Class No.1 - Only No.1 CLASS ONE CLINIC A journey to discover the true me, for the one and only, just for myself. | AD17: Class No.1 - Only No.1 CLASS ONE CLINIC การเดินทางเพื่อค้นหาตัวตนที่แท้จริงของฉัน สำหรับฉันเพียงคนเดียว ผู้ที่ไม่เหมือนใคร | AF17: 월 10:00 ~ 20:00 화 10:00 ~ 20:00 수 10:00 ~ 20:00 목 10:00 ~ 20:00 금 10:00 ~ 20:00 토 10:00 ~ 17:00 일 10:00 ~ 16:00 | AG17: 760 | AH17: =AT17 -> 1.024 | AJ17: 4.8 | AK17: 110 | AM17: 407 | AN17: 0 | AO17: 0 | AP17: 2.9 | AQ17: 3 | AR17: 0 | AS17: =(AJ17*AK17)+(AL17*AM17)+(AN17*AO17)+(AP17*AQ17)/(AK17+AM17+AO17+AQ17) -> 1.0321154 | AT17: =IF( (AK17*IF(AK17<10,0.5,IF(AK17>=1000,10,IF(AK17>=500,5,IF(AK17>=100,2,1))))) + (AM17*IF(AM17<10,0.5,IF(AM17>=1000,10,IF(AM17>=500,5,IF(AM17>=100,2,1))))) + (AO17*IF(AO17<10,0.5,IF(AO17>=1000,10,IF(AO17>=500,5,IF(AO17>=100,2,1))))) + (AQ17*IF(AQ17<10,0.5,IF(AQ17>=1000,10,IF(AQ17>=500,5,IF(AQ17>=100,2,1))))) =0, "", ROUND( MIN(5, MAX(0, ( AJ17*(AK17*IF(AK17<10,0.5,IF(AK17>=1000,10,IF(AK17>=500,5,IF(AK17>=100,2,1))))) + AL17*(AM17*IF(AM17<10,0.5,IF(AM17>=1000,10,IF(AM17>=500,5,IF(AM17>=100,2,1))))) + AN17*(AO17*IF(AO17<10,0.5,IF(AO17>=1000,10,IF(AO17>=500,5,IF(AO17>=100,2,1))))) + AP17*(AQ17*IF(AQ17<10,0.5,IF(AQ17>=1000,10,IF(AQ17>=500,5,IF(AQ17>=100,2,1))))) ) / ( (AK17*IF(AK17<10,0.5,IF(AK17>=1000,10,IF(AK17>=500,5,IF(AK17>=100,2,1))))) + (AM17*IF(AM17<10,0.5,IF(AM17>=1000,10,IF(AM17>=500,5,IF(AM17>=100,2,1))))) + (AO17*IF(AO17<10,0.5,IF(AO17>=1000,10,IF(AO17>=500,5,IF(AO17>=100,2,1))))) + (AQ17*IF(AQ17<10,0.5,IF(AQ17>=1000,10,IF(AQ17>=500,5,IF(AQ17>=100,2,1))))) ) ) ), 3 ) ) -> 1.024
A18: 16 | B18: O | C18: 17 | D18: 4.7 | E18: =SUM( COUNTIF('리뷰 전체 모음 시트'!H:H, P18) ) -> 21 | F18: O | G18: O | H18: O | I18: O | J18: O | K18: O | L18: O | M18: =COUNTIFS('의사 등록'!D:D, P18, '의사 등록'!E:E, "<>") -> 1 | N18: =COUNTIFS('의사 등록'!D:D, P18, '의사 등록'!T:T, "<>") -> 1 | O18: 바디 | P18: 247클리닉 | Q18: 247 Clinic | R18: 247 คลินิก | S18: 서울 강남구 역삼동 | T18: Yeoksam-dong, Gangnam-gu, Seoul | U18: แขวงย็อกซัม เขตคังนัม กรุงโซล | V18: 37.50453 | W18: 127.02556 | X18: 서울 강남구 봉은사로 108 글라스톤빌딩 2층 | Y18: 2F 108 Bongeunsa-ro, Gangnam-gu, Seoul | Z18: 2F 108 Bongeunsa-ro, Gangnam-gu, Seoul | AB18: 247은, 24시간 그리고 7일, 즉 항상 고객을 생각하고 함께 하겠노라는 본원의 마음을 축약한 슬로건이자 브랜드입니다. 쉽고 편안한 방법만을 고집하지 않습니다. 항상 발전하고 변화하는 선진 의료기술을 받아들이고 배움으로써 아름다운 바디라인으로 말미암아 긍정적으로 변화하는 여러분의 삶을 위해 끊임없이 노력합니다. | AC18: “247” stands for 24 hours and 7 days — representing our commitment to always think of and be with our clients. We do not settle for what is easy or convenient. Instead, we continuously embrace and learn from the most advanced medical technologies to ensure your life transforms positively through a beautifully sculpted body line. | AD18: “247” หมายถึง 24 ชั่วโมง และ 7 วัน สะท้อนถึงความมุ่งมั่นของเราที่จะคิดถึงและอยู่เคียงข้างลูกค้าเสมอ เราไม่ยึดติดกับวิธีที่ง่ายหรือสะดวก แต่พร้อมเปิดรับและเรียนรู้เทคโนโลยีทางการแพทย์ที่ล้ำสมัยอยู่ตลอดเวลา เพื่อให้คุณได้เปลี่ยนแปลงชีวิตไปในทางที่ดีขึ้นด้วยรูปร่างที่สวยงามและสมส่วน | AF18: 월 10:00 ~ 19:00 화 10:00 ~ 19:00 수 10:00 ~ 19:00 목 10:00 ~ 19:00 금 10:00 ~ 19:00 토 10:00 ~ 16:00 | AG18: 5550 | AH18: =AT18 -> 3.578 | AJ18: 5 | AK18: 27 | AM18: 11 | AN18: 0 | AO18: 0 | AP18: 3.9 | AQ18: 6 | AR18: 0 | AS18: =(AJ18*AK18)+(AL18*AM18)+(AN18*AO18)+(AP18*AQ18)/(AK18+AM18+AO18+AQ18) -> 3.6 | AT18: =IF( (AK18*IF(AK18<10,0.5,IF(AK18>=1000,10,IF(AK18>=500,5,IF(AK18>=100,2,1))))) + (AM18*IF(AM18<10,0.5,IF(AM18>=1000,10,IF(AM18>=500,5,IF(AM18>=100,2,1))))) + (AO18*IF(AO18<10,0.5,IF(AO18>=1000,10,IF(AO18>=500,5,IF(AO18>=100,2,1))))) + (AQ18*IF(AQ18<10,0.5,IF(AQ18>=1000,10,IF(AQ18>=500,5,IF(AQ18>=100,2,1))))) =0, "", ROUND( MIN(5, MAX(0, ( AJ18*(AK18*IF(AK18<10,0.5,IF(AK18>=1000,10,IF(AK18>=500,5,IF(AK18>=100,2,1))))) + AL18*(AM18*IF(AM18<10,0.5,IF(AM18>=1000,10,IF(AM18>=500,5,IF(AM18>=100,2,1))))) + AN18*(AO18*IF(AO18<10,0.5,IF(AO18>=1000,10,IF(AO18>=500,5,IF(AO18>=100,2,1))))) + AP18*(AQ18*IF(AQ18<10,0.5,IF(AQ18>=1000,10,IF(AQ18>=500,5,IF(AQ18>=100,2,1))))) ) / ( (AK18*IF(AK18<10,0.5,IF(AK18>=1000,10,IF(AK18>=500,5,IF(AK18>=100,2,1))))) + (AM18*IF(AM18<10,0.5,IF(AM18>=1000,10,IF(AM18>=500,5,IF(AM18>=100,2,1))))) + (AO18*IF(AO18<10,0.5,IF(AO18>=1000,10,IF(AO18>=500,5,IF(AO18>=100,2,1))))) + (AQ18*IF(AQ18<10,0.5,IF(AQ18>=1000,10,IF(AQ18>=500,5,IF(AQ18>=100,2,1))))) ) ) ), 3 ) ) -> 3.578
A19: 17 | B19: O | C19: 18 | D19: 4.6 | E19: =SUM( COUNTIF('리뷰 전체 모음 시트'!H:H, P19) ) -> 23 | F19: O | G19: O | H19: O | I19: △ | J19: O | K19: O | L19: O | M19: =COUNTIFS('의사 등록'!D:D, P19, '의사 등록'!E:E, "<>") -> 3 | N19: =COUNTIFS('의사 등록'!D:D, P19, '의사 등록'!T:T, "<>") -> 3 | O19: 피부과 | P19: 디캐럿의원 | Q19: Dicarat Clinic | R19: คลินิกดีคาแรต | S19: 서울 강남구 신사동 | T19: Sinsa-dong, Gangnam-gu, Seoul | U19: แขวงซินซา เขตคังนัม กรุงโซล | V19: 37.520822 | W19: 127.02783 | X19: 서울 강남구 신사동 586-6 | Y19: 586-6 Sinsa-dong, Gangnam-gu, Seoul, South Korea | Z19: 586-6 Sinsa-dong, Gangnam-gu, Seoul, South Korea | AB19: 매 순간 특별하게, 당신의 아름다움이 빛나는 디캐럿의원 DICARAT CLINIC 의 CARAT은 보석의 질량 단위에서 영감을 받았습니다. 무게 아닌 가치를 더 소중히 여기는 보석처럼 디캐럿의원도 소중함을 담아 고객 한 분 한 분을 위한 의료 서비스를 제공합니다. | AC19: Every moment is special — your beauty shines at DICARAT CLINIC. The word “CARAT” in DICARAT is inspired by the unit of measurement for gemstones. Just like a precious gem valued not by its weight but by its worth, DICARAT CLINIC delivers heartfelt, personalized medical services for each and every client. | AD19: ทุกช่วงเวลาพิเศษ — ความงามของคุณเปล่งประกายที่ DICARAT CLINIC คำว่า “CARAT” ของ DICARAT ได้แรงบันดาลใจมาจากหน่วยวัดน้ำหนักของอัญมณี เช่นเดียวกับอัญมณีล้ำค่าที่ให้ความสำคัญกับคุณค่ามากกว่าน้ำหนัก DICARAT CLINIC มอบการดูแลทางการแพทย์อย่างใส่ใจและเฉพาะบุคคลสำหรับลูกค้าแต่ละท่าน | AF19: 월 10:00 ~ 20:00 화 10:00 ~ 20:00 수 10:00 ~ 20:00 목 10:00 ~ 20:00 금 10:00 ~ 20:00 토 10:00 ~ 16:00 | AG19: 760 | AH19: =AT19 -> 0.273 | AJ19: 4.9 | AK19: 138 | AM19: 940 | AN19: 0 | AO19: 0 | AP19: 5 | AQ19: 2 | AR19: 0 | AS19: =(AJ19*AK19)+(AL19*AM19)+(AN19*AO19)+(AP19*AQ19)/(AK19+AM19+AO19+AQ19) -> 0.63537037 | AT19: =IF( (AK19*IF(AK19<10,0.5,IF(AK19>=1000,10,IF(AK19>=500,5,IF(AK19>=100,2,1))))) + (AM19*IF(AM19<10,0.5,IF(AM19>=1000,10,IF(AM19>=500,5,IF(AM19>=100,2,1))))) + (AO19*IF(AO19<10,0.5,IF(AO19>=1000,10,IF(AO19>=500,5,IF(AO19>=100,2,1))))) + (AQ19*IF(AQ19<10,0.5,IF(AQ19>=1000,10,IF(AQ19>=500,5,IF(AQ19>=100,2,1))))) =0, "", ROUND( MIN(5, MAX(0, ( AJ19*(AK19*IF(AK19<10,0.5,IF(AK19>=1000,10,IF(AK19>=500,5,IF(AK19>=100,2,1))))) + AL19*(AM19*IF(AM19<10,0.5,IF(AM19>=1000,10,IF(AM19>=500,5,IF(AM19>=100,2,1))))) + AN19*(AO19*IF(AO19<10,0.5,IF(AO19>=1000,10,IF(AO19>=500,5,IF(AO19>=100,2,1))))) + AP19*(AQ19*IF(AQ19<10,0.5,IF(AQ19>=1000,10,IF(AQ19>=500,5,IF(AQ19>=100,2,1))))) ) / ( (AK19*IF(AK19<10,0.5,IF(AK19>=1000,10,IF(AK19>=500,5,IF(AK19>=100,2,1))))) + (AM19*IF(AM19<10,0.5,IF(AM19>=1000,10,IF(AM19>=500,5,IF(AM19>=100,2,1))))) + (AO19*IF(AO19<10,0.5,IF(AO19>=1000,10,IF(AO19>=500,5,IF(AO19>=100,2,1))))) + (AQ19*IF(AQ19<10,0.5,IF(AQ19>=1000,10,IF(AQ19>=500,5,IF(AQ19>=100,2,1))))) ) ) ), 3 ) ) -> 0.273
A20: 18 | B20: O | C20: 19 | D20: 4.5 | E20: =SUM( COUNTIF('리뷰 전체 모음 시트'!H:H, P20) ) -> 26 | F20: O | G20: O | H20: O | I20: O | J20: O | K20: O | L20: O | M20: =COUNTIFS('의사 등록'!D:D, P20, '의사 등록'!E:E, "<>") -> 1 | N20: =COUNTIFS('의사 등록'!D:D, P20, '의사 등록'!T:T, "<>") -> 1 | O20: 리프팅 | P20: 제로원성형외과의원 | Q20: ZeroOne Plastic Surgery | R20: คลินิกศัลยกรรม ZeroOne | S20: 서울 서초구 서초동 | T20: Seocho-dong, Seocho-gu, Seoul | U20: แขวงซอชโช เขตซอชโช กรุงโซล | V20: 37.49845 | W20: 127.02671 | X20: 서울 서초구 서초동 1318-4 | Y20: 7F, 1318-4, Seocho-dong, Seocho-gu, Seoul | Z20: 7F, 1318-4, Seocho-dong, Seocho-gu, Seoul | AB20: 실력과 신뢰를 바탕으로 최상의 결과를 약속하는 한결같은 노력과 안전을 최우선으로 하며 모두에게 편안하고 기억에 남는 진료는 "수많은 병원 중 제로원만의 차별화된 가치를 이어갈 수 있는 이유입니다" | AC20: With skill and trust as our foundation, we promise the best possible results through consistent effort and a commitment to safety above all else. Providing every patient with a comfortable and memorable experience — this is what makes ZeroOne truly different among countless clinics. | AD20: ด้วยความเชี่ยวชาญและความไว้วางใจเป็นพื้นฐาน เรามุ่งมั่นที่จะมอบผลลัพธ์ที่ดีที่สุด โดยให้ความสำคัญกับความปลอดภัยเป็นอันดับแรก พร้อมมอบประสบการณ์การรักษาที่สะดวกสบายและน่าจดจำให้กับทุกคน — นี่คือเหตุผลที่ทำให้ ZeroOne แตกต่างจากคลินิกอื่น ๆ อย่างแท้จริง | AF20: 월 10:00 ~ 19:00 화 10:00 ~ 19:00 수 10:00 ~ 20:00 목 10:00 ~ 19:00 금 10:00 ~ 19:00 토 10:00 ~ 16:00 | AG20: 1140 | AH20: =AT20 -> 3.194 | AJ20: 5 | AK20: 27 | AL20: 0 | AM20: 30 | AN20: 0 | AO20: 0 | AP20: 4.4 | AQ20: 39 | AR20: 0 | AS20: =(AJ20*AK20)+(AL20*AM20)+(AN20*AO20)+(AP20*AQ20)/(AK20+AM20+AO20+AQ20) -> 3.19375 | AT20: =IF( (AK20*IF(AK20<10,0.5,IF(AK20>=1000,10,IF(AK20>=500,5,IF(AK20>=100,2,1))))) + (AM20*IF(AM20<10,0.5,IF(AM20>=1000,10,IF(AM20>=500,5,IF(AM20>=100,2,1))))) + (AO20*IF(AO20<10,0.5,IF(AO20>=1000,10,IF(AO20>=500,5,IF(AO20>=100,2,1))))) + (AQ20*IF(AQ20<10,0.5,IF(AQ20>=1000,10,IF(AQ20>=500,5,IF(AQ20>=100,2,1))))) =0, "", ROUND( MIN(5, MAX(0, ( AJ20*(AK20*IF(AK20<10,0.5,IF(AK20>=1000,10,IF(AK20>=500,5,IF(AK20>=100,2,1))))) + AL20*(AM20*IF(AM20<10,0.5,IF(AM20>=1000,10,IF(AM20>=500,5,IF(AM20>=100,2,1))))) + AN20*(AO20*IF(AO20<10,0.5,IF(AO20>=1000,10,IF(AO20>=500,5,IF(AO20>=100,2,1))))) + AP20*(AQ20*IF(AQ20<10,0.5,IF(AQ20>=1000,10,IF(AQ20>=500,5,IF(AQ20>=100,2,1))))) ) / ( (AK20*IF(AK20<10,0.5,IF(AK20>=1000,10,IF(AK20>=500,5,IF(AK20>=100,2,1))))) + (AM20*IF(AM20<10,0.5,IF(AM20>=1000,10,IF(AM20>=500,5,IF(AM20>=100,2,1))))) + (AO20*IF(AO20<10,0.5,IF(AO20>=1000,10,IF(AO20>=500,5,IF(AO20>=100,2,1))))) + (AQ20*IF(AQ20<10,0.5,IF(AQ20>=1000,10,IF(AQ20>=500,5,IF(AQ20>=100,2,1))))) ) ) ), 3 ) ) -> 3.194
A21: 19 | B21: O | C21: 20 | D21: 5 | E21: =SUM( COUNTIF('리뷰 전체 모음 시트'!H:H, P21) ) -> 3 | F21: O | G21: O | H21: O | I21: O | J21: O | K21: O | L21: O | M21: =COUNTIFS('의사 등록'!D:D, P21, '의사 등록'!E:E, "<>") -> 1 | N21: =COUNTIFS('의사 등록'!D:D, P21, '의사 등록'!T:T, "<>") -> 1 | O21: 코, 안면윤곽 | P21: RU성형외과의원 | Q21: RU Plastic Surgery | R21: คลินิกศัลยกรรม RU | S21: 서울 서초구 반포동 | T21: Banpo-dong, Seocho-gu, Seoul | U21: แขวงบันโพ เขตซอชโช กรุงโซล | V21: 37.509037 | W21: 127.0219 | X21: 서울 서초구 반포동 722-20 | Y21: 6F, 722-20, Banpo-dong, Seocho-gu, Seoul | Z21: 6F, 722-20, Banpo-dong, Seocho-gu, Seoul | AB21: 최고의 가치를 추구하는 알유성형외과입니다. 알유성형외과는 자가늑 코 재수술, 구축 코 등 고난이도 수술 전문 병원입니다. 최고의 실력으로 최고의 결과로 만족시켜드리겠습니다. 당신이 만족할때까지 끝까지 함께하겠습니다. RU ready? I am ready! -상담, 수술, 치료, 경과의 모든 과정을 대표원장 직접 진료 -초정밀 3D_CT로 세밀한 분석 -최고의 의료진과 최고의 수술 기구 -철저한 환자 안전 감시 시스템 | AC21: RU Plastic Surgery pursues the highest value. RU Plastic Surgery is a specialized hospital for high-difficulty surgeries such as autologous rib rhinoplasty revision and contracted nose reconstruction. With the best skills, we will satisfy you with the best results. We will be with you until you are satisfied. RU ready? I am ready! - All consultations, surgeries, treatments, and progress are directly managed by the chief director. - Detailed analysis using ultra-precise 3D CT. - The best medical staff and top-quality surgical equipment. - Thorough patient safety monitoring system. | AD21: RU Plastic Surgery มุ่งมั่นในการมอบคุณค่าที่ดีที่สุด RU Plastic Surgery เป็นโรงพยาบาลเฉพาะทางด้านการผ่าตัดที่มีความซับซ้อนสูง เช่น การศัลยกรรมแก้จมูกด้วยกระดูกซี่โครงตนเองและการแก้จมูกหดรั้ง เราจะมอบผลลัพธ์ที่ดีที่สุดด้วยฝีมือระดับสูงสุดและอยู่เคียงข้างคุณจนกว่าคุณจะพอใจ RU ready? I am ready! - การปรึกษา การผ่าตัด การรักษา และการติดตามผลทุกขั้นตอนดำเนินการโดยผู้อำนวยการแพทย์โดยตรง - วิเคราะห์อย่างละเอียดด้วยเทคโนโลยี 3D CT ความละเอียดสูง - ทีมแพทย์ผู้เชี่ยวชาญและอุปกรณ์ผ่าตัดที่ดีที่สุด - ระบบตรวจสอบความปลอดภัยของผู้ป่วยอย่างเข้มงวด | AF21: 월 10:00 ~ 19:00 화 10:00 ~ 19:00 수 10:00 ~ 20:00 목 10:00 ~ 19:00 금 10:00 ~ 19:00 토 10:00 ~ 17:00 | AG21: 가격 명시X (1500) | AH21: =AT21 -> 3.592 | AJ21: 4.3 | AK21: 38 | AL21: 0 | AM21: 23 | AN21: 0 | AO21: 0 | AP21: 4.4 | AQ21: 69 | AR21: 89 | AS21: =(AJ21*AK21)+(AL21*AM21)+(AN21*AO21)+(AP21*AQ21)/(AK21+AM21+AO21+AQ21) -> 3.5923077 | AT21: =IF( (AK21*IF(AK21<10,0.5,IF(AK21>=1000,10,IF(AK21>=500,5,IF(AK21>=100,2,1))))) + (AM21*IF(AM21<10,0.5,IF(AM21>=1000,10,IF(AM21>=500,5,IF(AM21>=100,2,1))))) + (AO21*IF(AO21<10,0.5,IF(AO21>=1000,10,IF(AO21>=500,5,IF(AO21>=100,2,1))))) + (AQ21*IF(AQ21<10,0.5,IF(AQ21>=1000,10,IF(AQ21>=500,5,IF(AQ21>=100,2,1))))) =0, "", ROUND( MIN(5, MAX(0, ( AJ21*(AK21*IF(AK21<10,0.5,IF(AK21>=1000,10,IF(AK21>=500,5,IF(AK21>=100,2,1))))) + AL21*(AM21*IF(AM21<10,0.5,IF(AM21>=1000,10,IF(AM21>=500,5,IF(AM21>=100,2,1))))) + AN21*(AO21*IF(AO21<10,0.5,IF(AO21>=1000,10,IF(AO21>=500,5,IF(AO21>=100,2,1))))) + AP21*(AQ21*IF(AQ21<10,0.5,IF(AQ21>=1000,10,IF(AQ21>=500,5,IF(AQ21>=100,2,1))))) ) / ( (AK21*IF(AK21<10,0.5,IF(AK21>=1000,10,IF(AK21>=500,5,IF(AK21>=100,2,1))))) + (AM21*IF(AM21<10,0.5,IF(AM21>=1000,10,IF(AM21>=500,5,IF(AM21>=100,2,1))))) + (AO21*IF(AO21<10,0.5,IF(AO21>=1000,10,IF(AO21>=500,5,IF(AO21>=100,2,1))))) + (AQ21*IF(AQ21<10,0.5,IF(AQ21>=1000,10,IF(AQ21>=500,5,IF(AQ21>=100,2,1))))) ) ) ), 3 ) ) -> 3.592
A22: 20 | B22: O | C22: 21 | D22: 4.9 | E22: =SUM( COUNTIF('리뷰 전체 모음 시트'!H:H, P22) ) -> 23 | F22: O | G22: O | H22: O | I22: △ | J22: O | K22: O | L22: O | M22: =COUNTIFS('의사 등록'!D:D, P22, '의사 등록'!E:E, "<>") -> 1 | N22: =COUNTIFS('의사 등록'!D:D, P22, '의사 등록'!T:T, "<>") -> 1 | O22: 피부과 | P22: 에이블룸성형외과의원 | Q22: Ableloom Plastic Surgery | R22: คลินิกศัลยกรรมเอเบิลลูม | S22: 서울 강남구 신사동 | T22: Sinsa-dong, Gangnam-gu, Seoul | U22: แขวงซินซา เขตคังนัม กรุงโซล | V22: 37.525695 | W22: 127.03604 | X22: 서울 강남구 언주로164길 29 3층 | Y22: 3rd Floor, 29 Eonju-ro 164-gil, Gangnam-gu, Seoul, South Korea | Z22: 3rd Floor, 29 Eonju-ro 164-gil, Gangnam-gu, Seoul, South Korea | AB22: 성형외과 전문의에 의한 안전하고 신뢰할 수 있는 치료 비수술과 수술의 경계를 넘어 통합적 진료 아름다움이 피어나는 곳, 나만의 공간에서 시작되는 특별한 변화. | AC22: Safe and reliable treatments by board-certified plastic surgeons. Beyond the boundaries of non-surgical and surgical procedures, we provide integrated care. A place where beauty blossoms — a special transformation begins in your own private space. | AD22: การรักษาที่ปลอดภัยและเชื่อถือได้โดยศัลยแพทย์ตกแต่งผู้เชี่ยวชาญ ก้าวข้ามขอบเขตระหว่างการรักษาแบบไม่ผ่าตัดและการผ่าตัด ด้วยการดูแลแบบองค์รวม สถานที่ที่ความงามเบ่งบาน — การเปลี่ยนแปลงอันพิเศษเริ่มต้นขึ้นในพื้นที่เฉพาะของคุณ | AF22: 월 10:00 ~ 19:00 화 10:00 ~ 21:00 수 10:00 ~ 19:00 목 10:00 ~ 21:00 금 10:00 ~ 19:00 토 10:00 ~ 16:00 | AG22: 가격 명시X (1500) | AH22: =AT22 -> 0.077 | AJ22: 4.6 | AK22: 11 | AM22: 324 | AN22: 0 | AO22: 0 | AP22: 0 | AQ22: 0 | AR22: 0 | AS22: =(AJ22*AK22)+(AL22*AM22)+(AN22*AO22)+(AP22*AQ22)/(AK22+AM22+AO22+AQ22) -> 0.15104478 | AT22: =IF( (AK22*IF(AK22<10,0.5,IF(AK22>=1000,10,IF(AK22>=500,5,IF(AK22>=100,2,1))))) + (AM22*IF(AM22<10,0.5,IF(AM22>=1000,10,IF(AM22>=500,5,IF(AM22>=100,2,1))))) + (AO22*IF(AO22<10,0.5,IF(AO22>=1000,10,IF(AO22>=500,5,IF(AO22>=100,2,1))))) + (AQ22*IF(AQ22<10,0.5,IF(AQ22>=1000,10,IF(AQ22>=500,5,IF(AQ22>=100,2,1))))) =0, "", ROUND( MIN(5, MAX(0, ( AJ22*(AK22*IF(AK22<10,0.5,IF(AK22>=1000,10,IF(AK22>=500,5,IF(AK22>=100,2,1))))) + AL22*(AM22*IF(AM22<10,0.5,IF(AM22>=1000,10,IF(AM22>=500,5,IF(AM22>=100,2,1))))) + AN22*(AO22*IF(AO22<10,0.5,IF(AO22>=1000,10,IF(AO22>=500,5,IF(AO22>=100,2,1))))) + AP22*(AQ22*IF(AQ22<10,0.5,IF(AQ22>=1000,10,IF(AQ22>=500,5,IF(AQ22>=100,2,1))))) ) / ( (AK22*IF(AK22<10,0.5,IF(AK22>=1000,10,IF(AK22>=500,5,IF(AK22>=100,2,1))))) + (AM22*IF(AM22<10,0.5,IF(AM22>=1000,10,IF(AM22>=500,5,IF(AM22>=100,2,1))))) + (AO22*IF(AO22<10,0.5,IF(AO22>=1000,10,IF(AO22>=500,5,IF(AO22>=100,2,1))))) + (AQ22*IF(AQ22<10,0.5,IF(AQ22>=1000,10,IF(AQ22>=500,5,IF(AQ22>=100,2,1))))) ) ) ), 3 ) ) -> 0.077
A23: 21 | B23: O | C23: 22 | D23: 4.8 | E23: =SUM( COUNTIF('리뷰 전체 모음 시트'!H:H, P23) ) -> 23 | F23: O | G23: O | H23: O | I23: △ | J23: O | K23: O | L23: O | M23: =COUNTIFS('의사 등록'!D:D, P23, '의사 등록'!E:E, "<>") -> 2 | N23: =COUNTIFS('의사 등록'!D:D, P23, '의사 등록'!T:T, "<>") -> 2 | O23: 피부과 | P23: 셀린의원 강남역 | Q23: Celine Clinic Gangnam Station | R23: คลินิกเซลีน สาขาสถานีคังนัม | S23: 서울 서초구 서초동 | T23: Seocho-dong, Seocho-gu, Seoul | U23: แขวงซอชโช เขตซอชโช กรุงโซล | V23: 37.498297 | W23: 127.02524 | X23: 서울 서초구 서초동 1316-29 | Y23: 3F, 1316-29, Seocho-dong, Seocho-gu, Seoul | Z23: 3F, 1316-29, Seocho-dong, Seocho-gu, Seoul | AB23: 고객에게 잠재된 아름다움을 이끌어내는데 집중하며, 근원적인 변화를 생각합니다. 피부에는 정해진 답이 존재하지 않습니다. 고객님의 피부 고민에 진정성 있는 관심을 갖고 각자 피부에 맞는 해답을 찾아보려 합니다. 셀린에 머무는 순간 놀라운 변화가 시작됩니다. 아름다움을 위한 변화, 셀린이 함께하겠습니다. 셀린클리닉은 고객 한 분 한 분에게 집중하며, 잠재된 아름다움을 이끌어내도록 노력하겠습니다. | AC23: We focus on revealing each client’s hidden beauty and pursue fundamental transformation. There is no fixed answer for the skin. With genuine care for every customer’s concerns, we strive to find the right solution for each individual’s skin. The moment you stay with Celine, an amazing change begins. For a beautiful transformation, Celine will be with you. Celine Clinic is dedicated to each and every client, helping to bring out their inner beauty. | AD23: เรามุ่งเน้นในการเผยความงามที่ซ่อนอยู่ในแต่ละคน และคิดถึงการเปลี่ยนแปลงอย่างลึกซึ้ง เพราะผิวไม่มีคำตอบที่ตายตัว ด้วยความใส่ใจอย่างจริงใจในปัญหาผิวของลูกค้าแต่ละท่าน เรามุ่งหาคำตอบที่เหมาะสมที่สุดสำหรับผิวของแต่ละคน เมื่อคุณอยู่กับเซลีน การเปลี่ยนแปลงอันน่าทึ่งจะเริ่มต้นขึ้น เพื่อการเปลี่ยนแปลงสู่ความงาม เซลีนจะอยู่เคียงข้างคุณเสมอ Celine Clinic จะให้ความสำคัญกับลูกค้าทุกคน และมุ่งมั่นที่จะเผยความงามที่แท้จริงจากภายใน | AF23: 월 10:30 ~ 20:30 화 10:30 ~ 20:30 수 10:30 ~ 20:30 목 10:30 ~ 20:30 금 10:30 ~ 20:30 토 10:30 ~ 17:00 일 10:30 ~ 17:00 | AG23: 가격 명시X (1500) | AH23: =AT23 -> 0.287 | AJ23: 4.9 | AK23: 155 | AL23: 0 | AM23: 997 | AN23: 0 | AO23: 0 | AP23: 0 | AQ23: 0 | AR23: 0 | AS23: =(AJ23*AK23)+(AL23*AM23)+(AN23*AO23)+(AP23*AQ23)/(AK23+AM23+AO23+AQ23) -> 0.65928819 | AT23: =IF( (AK23*IF(AK23<10,0.5,IF(AK23>=1000,10,IF(AK23>=500,5,IF(AK23>=100,2,1))))) + (AM23*IF(AM23<10,0.5,IF(AM23>=1000,10,IF(AM23>=500,5,IF(AM23>=100,2,1))))) + (AO23*IF(AO23<10,0.5,IF(AO23>=1000,10,IF(AO23>=500,5,IF(AO23>=100,2,1))))) + (AQ23*IF(AQ23<10,0.5,IF(AQ23>=1000,10,IF(AQ23>=500,5,IF(AQ23>=100,2,1))))) =0, "", ROUND( MIN(5, MAX(0, ( AJ23*(AK23*IF(AK23<10,0.5,IF(AK23>=1000,10,IF(AK23>=500,5,IF(AK23>=100,2,1))))) + AL23*(AM23*IF(AM23<10,0.5,IF(AM23>=1000,10,IF(AM23>=500,5,IF(AM23>=100,2,1))))) + AN23*(AO23*IF(AO23<10,0.5,IF(AO23>=1000,10,IF(AO23>=500,5,IF(AO23>=100,2,1))))) + AP23*(AQ23*IF(AQ23<10,0.5,IF(AQ23>=1000,10,IF(AQ23>=500,5,IF(AQ23>=100,2,1))))) ) / ( (AK23*IF(AK23<10,0.5,IF(AK23>=1000,10,IF(AK23>=500,5,IF(AK23>=100,2,1))))) + (AM23*IF(AM23<10,0.5,IF(AM23>=1000,10,IF(AM23>=500,5,IF(AM23>=100,2,1))))) + (AO23*IF(AO23<10,0.5,IF(AO23>=1000,10,IF(AO23>=500,5,IF(AO23>=100,2,1))))) + (AQ23*IF(AQ23<10,0.5,IF(AQ23>=1000,10,IF(AQ23>=500,5,IF(AQ23>=100,2,1))))) ) ) ), 3 ) ) -> 0.287
A24: 22 | B24: O | C24: 23 | D24: 4.7 | E24: =SUM( COUNTIF('리뷰 전체 모음 시트'!H:H, P24) ) -> 23 | F24: O | G24: O | H24: O | I24: △ | J24: O | K24: O | L24: O | M24: =COUNTIFS('의사 등록'!D:D, P24, '의사 등록'!E:E, "<>") -> 1 | N24: =COUNTIFS('의사 등록'!D:D, P24, '의사 등록'!T:T, "<>") -> 1 | O24: 피부과 | P24: 르에이치의원 | Q24: Le:H Clinic | R24: Le:H คลินิก | S24: 서울 서초구 반포동 | T24: Banpo-dong, Seocho-gu, Seoul | U24: แขวงพันโพ เขตซอชโช กรุงโซล | V24: 37.498616 | W24: 126.99584 | X24: 서울 서초구 사평대로18길 5 위너빌딩 2층 | Y24: 2F, 5 Sapyeong-daero 18-gil, Seocho-gu, Seoul, 06575, Republic of Korea | Z24: 2F, 5 Sapyeong-daero 18-gil, Seocho-gu, Seoul, 06575, Republic of Korea | AB24: 반포 서래마을 르:에이치클리닉입니다. 1인 대표원장이 개개인에 맞는 어울림, 지속가능한 아름다움을 전해드립니다. 필러, 보톡스,리프팅, 레이저, 스킨 부스터 제품 중 최고급이라고 생각되는 제품들을 선별하여 정품,정량을 사용합니다. 모두 1인실로 운영되며 해면, 슬리퍼 등 고객님에게 닿는 부분을 일회용으로 위생적으로 관리하여 최고의 서비스를 제공해드리겠습니다. 서래마을의 프라이빗한 공간에서 전하는 진정한 가치를 누려보시길 바랍니다. | AC24: Welcome to Le:H Clinic in Seorae Village, Banpo. Our chief doctor personally provides personalized and sustainable beauty that suits each individual. We carefully select only the highest-quality filler, Botox, lifting, laser, and skin booster products, using authentic and precise doses. All treatments are conducted in private rooms, and every item that touches our clients—such as sponges and slippers—is disposable for complete hygiene management. Experience true value and premium service in the private and elegant atmosphere of Seorae Village. | AD24: ขอต้อนรับสู่ Le:H Clinic ในโซแรวิลเลจ เขตบันโพ คุณหมอเจ้าของคลินิกให้บริการด้วยตนเอง ถ่ายทอดความงามที่เหมาะสมและยั่งยืนสำหรับแต่ละบุคคล เราเลือกใช้เฉพาะผลิตภัณฑ์คุณภาพระดับพรีเมียม ไม่ว่าจะเป็นฟิลเลอร์ โบท็อกซ์ การยกกระชับ เลเซอร์ และสกินบูสเตอร์ โดยใช้ของแท้และในปริมาณที่เหมาะสม ทุกการรักษาดำเนินในห้องส่วนตัว และอุปกรณ์ที่สัมผัสกับลูกค้า เช่น ฟองน้ำ รองเท้าแตะ เป็นแบบใช้ครั้งเดียวเพื่อความสะอาดสูงสุด สัมผัสคุณค่าที่แท้จริงและบริการระดับพรีเมียมในบรรยากาศส่วนตัวของโซแรวิลเลจ | AF24: 월 10:00 ~ 19:00 화 10:00 ~ 19:00 목 10:00 ~ 19:00 금 10:00 ~ 19:00 토 10:00 ~ 14:00 | AG24: 가격 명시X (1500) | AH24: =AT24 -> 0.049 | AJ24: 4.3 | AK24: 11 | AL24: 0 | AM24: 594 | AN24: 0 | AO24: 0 | AP24: 4.5 | AQ24: 22 | AS24: =(AJ24*AK24)+(AL24*AM24)+(AN24*AO24)+(AP24*AQ24)/(AK24+AM24+AO24+AQ24) -> 0.23333333 | AT24: =IF( (AK24*IF(AK24<10,0.5,IF(AK24>=1000,10,IF(AK24>=500,5,IF(AK24>=100,2,1))))) + (AM24*IF(AM24<10,0.5,IF(AM24>=1000,10,IF(AM24>=500,5,IF(AM24>=100,2,1))))) + (AO24*IF(AO24<10,0.5,IF(AO24>=1000,10,IF(AO24>=500,5,IF(AO24>=100,2,1))))) + (AQ24*IF(AQ24<10,0.5,IF(AQ24>=1000,10,IF(AQ24>=500,5,IF(AQ24>=100,2,1))))) =0, "", ROUND( MIN(5, MAX(0, ( AJ24*(AK24*IF(AK24<10,0.5,IF(AK24>=1000,10,IF(AK24>=500,5,IF(AK24>=100,2,1))))) + AL24*(AM24*IF(AM24<10,0.5,IF(AM24>=1000,10,IF(AM24>=500,5,IF(AM24>=100,2,1))))) + AN24*(AO24*IF(AO24<10,0.5,IF(AO24>=1000,10,IF(AO24>=500,5,IF(AO24>=100,2,1))))) + AP24*(AQ24*IF(AQ24<10,0.5,IF(AQ24>=1000,10,IF(AQ24>=500,5,IF(AQ24>=100,2,1))))) ) / ( (AK24*IF(AK24<10,0.5,IF(AK24>=1000,10,IF(AK24>=500,5,IF(AK24>=100,2,1))))) + (AM24*IF(AM24<10,0.5,IF(AM24>=1000,10,IF(AM24>=500,5,IF(AM24>=100,2,1))))) + (AO24*IF(AO24<10,0.5,IF(AO24>=1000,10,IF(AO24>=500,5,IF(AO24>=100,2,1))))) + (AQ24*IF(AQ24<10,0.5,IF(AQ24>=1000,10,IF(AQ24>=500,5,IF(AQ24>=100,2,1))))) ) ) ), 3 ) ) -> 0.049
A25: 23 | B25: O | C25: 25 | D25: 4.5 | E25: =SUM( COUNTIF('리뷰 전체 모음 시트'!H:H, P25) ) -> 23 | F25: O | G25: O | H25: O | I25: O | J25: O | K25: O | L25: O | M25: =COUNTIFS('의사 등록'!D:D, P25, '의사 등록'!E:E, "<>") -> 2 | N25: =COUNTIFS('의사 등록'!D:D, P25, '의사 등록'!T:T, "<>") -> 2 | O25: 피부과 | P25: 다미의원 | Q25: Dami Clinic | R25: DAMI คลินิก | S25: 서울 영등포구 여의도동 | T25: Yeouido-dong, Yeongdeungpo-gu, Seoul | U25: แขวงยออีโด เขตยองดึงโพ กรุงโซล | V25: 37.51895 | W25: 126.93074 | X25: 서울 영등포구 여의도동 44-37 | Y25: 9F, 44-37 Yeouido-dong | Z25: 9F, 44-37 Yeouido-dong | AB25: 뷰티플래너 다미의원이 당신의 아름다움을 책임지겠습니다 | AC25: Beauty Planner Dami Clinic will take responsibility for your beauty. | AD25: บิวตี้แพลนเนอร์ ดามิคลินิก จะดูแลความงามของคุณอย่างใส่ใจ | AF25: 월 10:00 ~ 19:00 화 10:00 ~ 20:50 수 10:00 ~ 19:00 목 10:00 ~ 19:00 금 10:00 ~ 20:50 토 10:00 ~ 15:00 | AG25: 1200 | AH25: =AT25 -> 0.854 | AJ25: 4.9 | AK25: 92 | AL25: 0 | AM25: 224 | AN25: 0 | AO25: 0 | AP25: 3.4 | AQ25: 8 | AR25: 0 | AS25: =(AJ25*AK25)+(AL25*AM25)+(AN25*AO25)+(AP25*AQ25)/(AK25+AM25+AO25+AQ25) -> 1.4753086 | AT25: =IF( (AK25*IF(AK25<10,0.5,IF(AK25>=1000,10,IF(AK25>=500,5,IF(AK25>=100,2,1))))) + (AM25*IF(AM25<10,0.5,IF(AM25>=1000,10,IF(AM25>=500,5,IF(AM25>=100,2,1))))) + (AO25*IF(AO25<10,0.5,IF(AO25>=1000,10,IF(AO25>=500,5,IF(AO25>=100,2,1))))) + (AQ25*IF(AQ25<10,0.5,IF(AQ25>=1000,10,IF(AQ25>=500,5,IF(AQ25>=100,2,1))))) =0, "", ROUND( MIN(5, MAX(0, ( AJ25*(AK25*IF(AK25<10,0.5,IF(AK25>=1000,10,IF(AK25>=500,5,IF(AK25>=100,2,1))))) + AL25*(AM25*IF(AM25<10,0.5,IF(AM25>=1000,10,IF(AM25>=500,5,IF(AM25>=100,2,1))))) + AN25*(AO25*IF(AO25<10,0.5,IF(AO25>=1000,10,IF(AO25>=500,5,IF(AO25>=100,2,1))))) + AP25*(AQ25*IF(AQ25<10,0.5,IF(AQ25>=1000,10,IF(AQ25>=500,5,IF(AQ25>=100,2,1))))) ) / ( (AK25*IF(AK25<10,0.5,IF(AK25>=1000,10,IF(AK25>=500,5,IF(AK25>=100,2,1))))) + (AM25*IF(AM25<10,0.5,IF(AM25>=1000,10,IF(AM25>=500,5,IF(AM25>=100,2,1))))) + (AO25*IF(AO25<10,0.5,IF(AO25>=1000,10,IF(AO25>=500,5,IF(AO25>=100,2,1))))) + (AQ25*IF(AQ25<10,0.5,IF(AQ25>=1000,10,IF(AQ25>=500,5,IF(AQ25>=100,2,1))))) ) ) ), 3 ) ) -> 0.854
A26: 24 | B26: O | C26: 26 | D26: 5 | E26: =SUM( COUNTIF('리뷰 전체 모음 시트'!H:H, P26) ) -> 23 | F26: O | G26: O | H26: O | I26: △ | J26: O | K26: O | L26: O | M26: =COUNTIFS('의사 등록'!D:D, P26, '의사 등록'!E:E, "<>") -> 3 | N26: =COUNTIFS('의사 등록'!D:D, P26, '의사 등록'!T:T, "<>") -> 3 | O26: 피부과 | P26: 이즈의원 | Q26: IZCLINIC | R26: IZ คลินิก | S26: 서울 강남구 역삼동 | T26: Yeoksam-dong, Gangnam-gu, Seoul | U26: แขวงย็อกซัม เขตคังนัม กรุงโซล | V26: 37.499288 | W26: 127.03108 | X26: 서울 강남구 테헤란로 121 원빌딩 15층 | Y26: 2F, 121 Teheran-ro, Gangnam-gu, Seoul | Z26: 2F, 121 Teheran-ro, Gangnam-gu, Seoul | AB26: 모공 흉터 중점병원 이즈의원 새살주사의 시작, 원조 새살주사! [새살주사 특허 출원] [포텐자 레이저 우수 시술 병원 선정] 모공/흉터 집중 진료. '새살'의 가치를 더하는 이즈의원 입니다. 모든 시술은 담당의와 상담 진행 후 시술진행하며 여의사의 꼼꼼한 시술이 돋보이는 탄력을 잡아주는 리프팅 / 꼼꼼한 제모 시술 등 고객 한분 한분을 위한 맞춤 시술을 지향합니다. | AC26: IZ Clinic, a specialized hospital for pores and scar treatment, is the originator of the “New Skin Injection”! [New Skin Injection Patent Pending] [Selected as an Excellent Potenza Laser Clinic] We focus on treating pores and scars, enhancing the true value of “new skin.” All procedures are performed after consultation with the attending doctor. Our female doctors are known for their detailed approach in lifting treatments that improve skin elasticity and in precise hair removal, offering personalized care for every customer. | AD26: IZ Clinic คลินิกเฉพาะทางด้านรูขุมขนและรอยแผลเป็น ผู้บุกเบิกการฉีด “ผิวใหม่”! [อยู่ระหว่างการจดสิทธิบัตรการฉีดผิวใหม่] [ได้รับคัดเลือกเป็นคลินิกเลเซอร์ Potenza ชั้นเยี่ยม] มุ่งเน้นการรักษารูขุมขนและรอยแผลเป็น เสริมคุณค่าของ “ผิวใหม่” ให้สมบูรณ์แบบ ทุกขั้นตอนดำเนินการหลังจากปรึกษากับแพทย์ผู้ดูแล คุณหมอผู้หญิงของเรามีความละเอียดรอบคอบในด้านการยกกระชับเพื่อเพิ่มความยืดหยุ่นของผิว และการกำจัดขนอย่างพิถีพิถัน เพื่อมอบการดูแลเฉพาะบุคคลให้กับลูกค้าทุกคน | AF26: 월 10:00 ~ 20:00 화 10:00 ~ 19:00 수 10:00 ~ 19:00 목 14:00 ~ 20:00 금 10:00 ~ 20:00 토 10:00 ~ 16:00 | AG26: 가격 명시X (1500) | AH26: =AT26 -> 0.342 | AJ26: 4.6 | AK26: 19 | AL26: 0 | AM26: 293 | AN26: 0 | AO26: 0 | AP26: 4.2 | AQ26: 31 | AS26: =(AJ26*AK26)+(AL26*AM26)+(AN26*AO26)+(AP26*AQ26)/(AK26+AM26+AO26+AQ26) -> 0.63440233 | AT26: =IF( (AK26*IF(AK26<10,0.5,IF(AK26>=1000,10,IF(AK26>=500,5,IF(AK26>=100,2,1))))) + (AM26*IF(AM26<10,0.5,IF(AM26>=1000,10,IF(AM26>=500,5,IF(AM26>=100,2,1))))) + (AO26*IF(AO26<10,0.5,IF(AO26>=1000,10,IF(AO26>=500,5,IF(AO26>=100,2,1))))) + (AQ26*IF(AQ26<10,0.5,IF(AQ26>=1000,10,IF(AQ26>=500,5,IF(AQ26>=100,2,1))))) =0, "", ROUND( MIN(5, MAX(0, ( AJ26*(AK26*IF(AK26<10,0.5,IF(AK26>=1000,10,IF(AK26>=500,5,IF(AK26>=100,2,1))))) + AL26*(AM26*IF(AM26<10,0.5,IF(AM26>=1000,10,IF(AM26>=500,5,IF(AM26>=100,2,1))))) + AN26*(AO26*IF(AO26<10,0.5,IF(AO26>=1000,10,IF(AO26>=500,5,IF(AO26>=100,2,1))))) + AP26*(AQ26*IF(AQ26<10,0.5,IF(AQ26>=1000,10,IF(AQ26>=500,5,IF(AQ26>=100,2,1))))) ) / ( (AK26*IF(AK26<10,0.5,IF(AK26>=1000,10,IF(AK26>=500,5,IF(AK26>=100,2,1))))) + (AM26*IF(AM26<10,0.5,IF(AM26>=1000,10,IF(AM26>=500,5,IF(AM26>=100,2,1))))) + (AO26*IF(AO26<10,0.5,IF(AO26>=1000,10,IF(AO26>=500,5,IF(AO26>=100,2,1))))) + (AQ26*IF(AQ26<10,0.5,IF(AQ26>=1000,10,IF(AQ26>=500,5,IF(AQ26>=100,2,1))))) ) ) ), 3 ) ) -> 0.342
A27: 25 | B27: O | C27: 27 | D27: 4.9 | E27: =SUM( COUNTIF('리뷰 전체 모음 시트'!H:H, P27) ) -> 23 | F27: O | G27: O | H27: O | I27: △ | J27: O | K27: O | L27: O | M27: =COUNTIFS('의사 등록'!D:D, P27, '의사 등록'!E:E, "<>") -> 2 | N27: =COUNTIFS('의사 등록'!D:D, P27, '의사 등록'!T:T, "<>") -> 2 | O27: 치과 | P27: 서래선치과의원 | Q27: Seoraesun Dental Cliinic | R27: Seoraesun คลินิกทันตกรรม | S27: 서울 서초구 반포동 | T27: Banpo-dong, Seocho-gu, Seoul | U27: แขวงพันโพ เขตซอชโช กรุงโซล | V27: 37.499254 | W27: 126.99855 | X27: 서울 서초구 서래로 48 2층 202호 | Y27: 202-ho, 2F, 48 Seorae-ro, Seocho-gu, Seoul, 06577, Republic of Korea | Z27: 202-ho, 2F, 48 Seorae-ro, Seocho-gu, Seoul, 06577, Republic of Korea | AB27: 선한 마음으로, 선한 미소로 정성을 담아 진료하는 서래선치과 입니다 | AC27: With a kind heart and a gentle smile, Seoraesun Dental Clinic provides sincere and heartfelt care. | AD27: ด้วยหัวใจที่เปี่ยมด้วยความเมตตาและรอยยิ้มที่อบอุ่น Seoraesun Dental Clinic มอบการดูแลรักษาด้วยความตั้งใจและใส่ใจในทุกรายละเอียด | AF27: 월 09:30 ~ 18:30 화 09:30 ~ 18:30 수 09:30 ~ 18:30 금 09:30 ~ 18:30 토 09:30 ~ 13:00 | AG27: 3500 | AH27: =AT27 -> 0.127 | AJ27: 5 | AK27: 13 | AL27: 0 | AM27: 259 | AN27: 5 | AO27: 1 | AP27: 0 | AQ27: 0 | AS27: =(AJ27*AK27)+(AL27*AM27)+(AN27*AO27)+(AP27*AQ27)/(AK27+AM27+AO27+AQ27) -> 0.25641026 | AT27: =IF( (AK27*IF(AK27<10,0.5,IF(AK27>=1000,10,IF(AK27>=500,5,IF(AK27>=100,2,1))))) + (AM27*IF(AM27<10,0.5,IF(AM27>=1000,10,IF(AM27>=500,5,IF(AM27>=100,2,1))))) + (AO27*IF(AO27<10,0.5,IF(AO27>=1000,10,IF(AO27>=500,5,IF(AO27>=100,2,1))))) + (AQ27*IF(AQ27<10,0.5,IF(AQ27>=1000,10,IF(AQ27>=500,5,IF(AQ27>=100,2,1))))) =0, "", ROUND( MIN(5, MAX(0, ( AJ27*(AK27*IF(AK27<10,0.5,IF(AK27>=1000,10,IF(AK27>=500,5,IF(AK27>=100,2,1))))) + AL27*(AM27*IF(AM27<10,0.5,IF(AM27>=1000,10,IF(AM27>=500,5,IF(AM27>=100,2,1))))) + AN27*(AO27*IF(AO27<10,0.5,IF(AO27>=1000,10,IF(AO27>=500,5,IF(AO27>=100,2,1))))) + AP27*(AQ27*IF(AQ27<10,0.5,IF(AQ27>=1000,10,IF(AQ27>=500,5,IF(AQ27>=100,2,1))))) ) / ( (AK27*IF(AK27<10,0.5,IF(AK27>=1000,10,IF(AK27>=500,5,IF(AK27>=100,2,1))))) + (AM27*IF(AM27<10,0.5,IF(AM27>=1000,10,IF(AM27>=500,5,IF(AM27>=100,2,1))))) + (AO27*IF(AO27<10,0.5,IF(AO27>=1000,10,IF(AO27>=500,5,IF(AO27>=100,2,1))))) + (AQ27*IF(AQ27<10,0.5,IF(AQ27>=1000,10,IF(AQ27>=500,5,IF(AQ27>=100,2,1))))) ) ) ), 3 ) ) -> 0.127
A28: 26 | B28: O | C28: 28 | D28: 4.8 | E28: =SUM( COUNTIF('리뷰 전체 모음 시트'!H:H, P28) ) -> 23 | F28: O | G28: O | H28: O | I28: O | J28: O | K28: O | L28: O | M28: =COUNTIFS('의사 등록'!D:D, P28, '의사 등록'!E:E, "<>") -> 3 | N28: =COUNTIFS('의사 등록'!D:D, P28, '의사 등록'!T:T, "<>") -> 3 | O28: 안면윤곽, 치과 | P28: 서울페이스21치과병원 | Q28: Seoul Face 21 Dental Hospital | R28: โรงพยาบาลทันตกรรมโซลเฟซ 21 | S28: 서울 강남구 역삼동 | T28: Yeoksam-dong, Gangnam-gu, Seoul | U28: แขวงย็อกซัม เขตคังนัม กรุงโซล | V28: 37.497828 | W28: 127.02855 | X28: 서울 강남구 강남대로 390 미진프라자 21층 | Y28: 21F, 390 Gangnam-daero, Gangnam-gu, Seoul | Z28: 21F, 390 Gangnam-daero, Gangnam-gu, Seoul | AB28: 서울페이스21 치과병원은 구강악안면외과, 치과보철과, 치과교정과 진료를 한 번에 볼 수 있는 병원입니다. 대학병원 교수진 출신 의료진의 신뢰와 실력, 경험과 원칙, 안정성을 바탕으로 기능적인 개선과 더욱 아름다워지는 두 가지를 한 번에 만족시켜 드리겠습니다. | AC28: Seoul Face 21 Dental Hospital provides comprehensive care in Oral and Maxillofacial Surgery, Prosthodontics, and Orthodontics all in one place. Our medical team, composed of former university hospital professors, offers trusted expertise, extensive experience, and a commitment to safety and principles. We strive to deliver both functional improvement and enhanced beauty at the same time. | AD28: โรงพยาบาลทันตกรรมโซลเฟซ 21 ให้บริการครบวงจรทั้งศัลยกรรมช่องปากและขากรรไกร ทันตกรรมประดิษฐ์ และทันตกรรมจัดฟัน ทีมแพทย์ของเราซึ่งเคยเป็นอาจารย์จากโรงพยาบาลมหาวิทยาลัย มอบการรักษาที่เชื่อถือได้ด้วยประสบการณ์ ความเชี่ยวชาญ และความปลอดภัย เพื่อให้คุณได้รับทั้งการปรับปรุงการทำงานของช่องปากและความสวยงามในเวลาเดียวกัน | AG28: 6700 | AH28: =AT28 -> 2.673 | AJ28: 4.8 | AK28: 25 | AL28: 0 | AM28: 206 | AN28: 0 | AO28: 0 | AP28: 4.3 | AQ28: 322 | AR28: 85 | AS28: =(AJ28*AK28)+(AL28*AM28)+(AN28*AO28)+(AP28*AQ28)/(AK28+AM28+AO28+AQ28) -> 2.7207957 | AT28: =IF( (AK28*IF(AK28<10,0.5,IF(AK28>=1000,10,IF(AK28>=500,5,IF(AK28>=100,2,1))))) + (AM28*IF(AM28<10,0.5,IF(AM28>=1000,10,IF(AM28>=500,5,IF(AM28>=100,2,1))))) + (AO28*IF(AO28<10,0.5,IF(AO28>=1000,10,IF(AO28>=500,5,IF(AO28>=100,2,1))))) + (AQ28*IF(AQ28<10,0.5,IF(AQ28>=1000,10,IF(AQ28>=500,5,IF(AQ28>=100,2,1))))) =0, "", ROUND( MIN(5, MAX(0, ( AJ28*(AK28*IF(AK28<10,0.5,IF(AK28>=1000,10,IF(AK28>=500,5,IF(AK28>=100,2,1))))) + AL28*(AM28*IF(AM28<10,0.5,IF(AM28>=1000,10,IF(AM28>=500,5,IF(AM28>=100,2,1))))) + AN28*(AO28*IF(AO28<10,0.5,IF(AO28>=1000,10,IF(AO28>=500,5,IF(AO28>=100,2,1))))) + AP28*(AQ28*IF(AQ28<10,0.5,IF(AQ28>=1000,10,IF(AQ28>=500,5,IF(AQ28>=100,2,1))))) ) / ( (AK28*IF(AK28<10,0.5,IF(AK28>=1000,10,IF(AK28>=500,5,IF(AK28>=100,2,1))))) + (AM28*IF(AM28<10,0.5,IF(AM28>=1000,10,IF(AM28>=500,5,IF(AM28>=100,2,1))))) + (AO28*IF(AO28<10,0.5,IF(AO28>=1000,10,IF(AO28>=500,5,IF(AO28>=100,2,1))))) + (AQ28*IF(AQ28<10,0.5,IF(AQ28>=1000,10,IF(AQ28>=500,5,IF(AQ28>=100,2,1))))) ) ) ), 3 ) ) -> 2.673
A29: 27 | B29: O | C29: 29 | D29: 4.7 | E29: =SUM( COUNTIF('리뷰 전체 모음 시트'!H:H, P29) ) -> 23 | F29: O | G29: O | H29: O | I29: △ | J29: O | K29: O | L29: O | M29: =COUNTIFS('의사 등록'!D:D, P29, '의사 등록'!E:E, "<>") -> 7 | N29: =COUNTIFS('의사 등록'!D:D, P29, '의사 등록'!T:T, "<>") -> 7 | O29: 치과 | P29: 미니쉬치과병원 | Q29: Minish Dental Hospital | R29: โรงพยาบาลทันตกรรมมินิช | S29: 서울 강남구 논현동 | T29: Nonhyeon-dong, Gangnam-gu, Seoul | U29: แขวงนอนฮยอน เขตคังนัม กรุงโซล | V29: 37.519824 | W29: 127.0349 | X29: 서울 강남구 논현동 98-2 | Y29: 728 Eonju-ro, Gangnam-gu, Seoul | Z29: 728 Eonju-ro, Gangnam-gu, Seoul | AB29: 미니쉬치과병원은 대한민국 서울에 위치한 14층 규모의 프리미엄 치과 의료기관으로, 고난도 심미 및 재건 치료 분야에서 높은 전문성을 갖추고 있습니다. 특히 미니쉬만의 시그니처 기술인 미니쉬 바니어는 최소 침습으로 자연스럽고 내구성 높은 아름다운 스마일을 완성하는 치료로 잘 알려져 있습니다. 최첨단 장비와 숙련된 의료진의 섬세한 진료가 결합된 미니쉬는 환자 개개인에게 맞춤형 치료를 제공하며, 편안하고 럭셔리한 환경을 제공합니다. | AC29: MINISH Dental Hospital is a 14-floor premium dental care facility located in Seoul, South Korea, renowned for its expertise in advanced cosmetic and restorative treatments. The hospital is especially known for its signature MINISH veneer technology, offering minimally invasive, durable solutions for stunning smile makeovers. Combining cutting-edge technology with the skill of a highly qualified team, MINISH delivers personalized care in a luxurious and comfort. | AD29: โรงพยาบาลทันตกรรม MINISH เป็นศูนย์ทันตกรรมระดับพรีเมียมสูง 14 ชั้น ตั้งอยู่ในกรุงโซล ประเทศเกาหลีใต้ มีชื่อเสียงด้านความเชี่ยวชาญในการรักษาทางทันตกรรมเพื่อความงามและการบูรณะขั้นสูง โดยเฉพาะเทคโนโลยีมินิชวีเนียร์ (MINISH veneer) อันเป็นเอกลักษณ์ ที่ช่วยปรับรอยยิ้มให้สวยงามอย่างเป็นธรรมชาติ โดยใช้วิธีที่ละมุนและคงทน ด้วยเทคโนโลยีล้ำสมัยและทีมแพทย์ผู้เชี่ยวชาญ MINISH มอบการดูแลแบบเฉพาะบุคคลในบรรยากาศที่หรูหราและสะดวกสบาย | AF29: 월 09:00 ~ 20:00 화 09:00 ~ 20:00 수 09:00 ~ 20:00 목 09:00 ~ 20:00 금 09:00 ~ 20:00 토 09:00 ~ 18:00 일 09:00 ~ 18:00 | AG29: 700
A30: 28 | B30: O | E30: =SUM( COUNTIF('리뷰 전체 모음 시트'!H:H, P30) ) -> 23 | F30: O | G30: O | H30: O | I30: △ | J30: O | K30: O | L30: O | M30: =COUNTIFS('의사 등록'!D:D, P30, '의사 등록'!E:E, "<>") -> 1 | N30: =COUNTIFS('의사 등록'!D:D, P30, '의사 등록'!T:T, "<>") -> 1 | O30: 바디 | P30: 지우개의원 | Q30: Eraser Clinic | R30: อีเรเซอร์คลินิก | S30: 서울 강남구 논현동 | T30: Nonhyeon-dong, Gangnam-gu, Seoul | U30: แขวงนอนฮยอน เขตคังนัม กรุงโซล | V30: 37.516257 | W30: 127.02062 | X30: 서울 강남구 도산대로 108 | Y30: 108 Dosan-daero, Gangnam-gu, Seoul | Z30: 108 Dosan-daero, Gangnam-gu, Seoul | AB30: 전문적인 분석에 따른 1:1 맞춤형 시술로 개인의 고유한 매력을 살리고 아쉬운 부분은 개선시켜 차별화된 아름다움을 추구하는 것. 그것이 바로 지우개의원이 추구하는 가치입니다. | AC30: Through professional analysis and personalized one-on-one treatments, we enhance each individual’s unique charm while refining areas of improvement to pursue a truly differentiated beauty. This is the core value that Jiwoo Clinic stands for. | AD30: การวิเคราะห์อย่างมืออาชีพควบคู่กับการรักษาแบบเฉพาะบุคคล 1:1 เพื่อดึงเสน่ห์เฉพาะตัวของแต่ละคนออกมา พร้อมปรับปรุงจุดที่ยังขาดให้ดีขึ้น เพื่อสร้างความงามที่แตกต่างอย่างมีเอกลักษณ์ นี่คือคุณค่าที่ Jiwoo Clinic ยึดมั่นและมุ่งมั่นเสมอ | AF30: 월 10:00 ~ 20:00 화 10:00 ~ 20:00 수 10:00 ~ 16:00 목 10:00 ~ 20:00 금 10:00 ~ 20:00 토 10:00 ~ 16:00 | AG30: 가격 명시X (1500)
A31: 29 | B31: O | E31: =SUM( COUNTIF('리뷰 전체 모음 시트'!H:H, P31) ) -> 23 | F31: O | G31: O | H31: O | I31: △ | J31: O | K31: O | L31: O | M31: =COUNTIFS('의사 등록'!D:D, P31, '의사 등록'!E:E, "<>") -> 1 | N31: =COUNTIFS('의사 등록'!D:D, P31, '의사 등록'!T:T, "<>") -> 1 | O31: 가슴 | P31: 멜론성형외과의원 | Q31: Melon Plastic Surgery | R31: Melon Plastic Surgery | S31: 서울 강남구 역삼동 | T31: Yeoksam-dong, Gangnam-gu, Seoul | U31: แขวงย็อกซัม เขตคังนัม กรุงโซล | V31: 37.499076 | W31: 127.02989 | X31: 서울 강남구 테헤란로 115 서림빌딩 6층 | Y31: 115 Teheran-ro, Gangnam-gu, Seoul | Z31: 115 Teheran-ro, Gangnam-gu, Seoul | AB31: 가슴 주치의 김주원 대표원장의 새로운 생각과 함께 하세요 지금, 멜론 성형외과에서 꿈꾸던 가슴을 만나보세요! | AC31: Experience a new perspective from Dr. Kim Juwon, the leading specialist in breast surgery. Discover the breast you’ve always dreamed of—now at Melon Plastic Surgery! | AD31: ร่วมสัมผัสแนวคิดใหม่ของคุณหมอคิมจูวอน แพทย์ผู้เชี่ยวชาญด้านศัลยกรรมหน้าอก วันนี้ มาค้นพบหน้าอกในฝันของคุณได้ที่ Melon Plastic Surgery! | AF31: 월 09:30 ~ 18:30 화 09:30 ~ 18:30 수 09:30 ~ 18:30 목 09:30 ~ 18:30 금 09:30 ~ 20:00 토 09:30 ~ 16:00 | AG31: 8490
A32: 30 | B32: O | E32: =SUM( COUNTIF('리뷰 전체 모음 시트'!H:H, P32) ) -> 13 | F32: O | G32: X | H32: X | I32: △ | J32: X | K32: X | L32: O | M32: =COUNTIFS('의사 등록'!D:D, P32, '의사 등록'!E:E, "<>") -> 2 | N32: =COUNTIFS('의사 등록'!D:D, P32, '의사 등록'!T:T, "<>") -> 2 | O32: 모발이식 | P32: 모앤라인성형외과의원 | Q32: MO & LINE PLASTIC SURGERY | R32: MO & LINE PLASTIC SURGERY | S32: 서울 강남구 논현동 | T32: Nonhyeon-dong, Gangnam-gu, Seoul | U32: แขวงนอนฮยอน เขตคังนัม กรุงโซล | V32: 37.516078 | W32: 127.02035 | X32: 서울 강남구 도산대로 104 10층, 13층 | Y32: 104 Dosan-daero, Gangnam-gu, Seoul | Z32: 104 Dosan-daero, Gangnam-gu, Seoul | AB32: 자연스러운 헤어라인 교정, 모앤라인 성형외과, 무삭발비절개, 잔머리이식 | AC32: Natural hairline correction, Mo&Line Plastic Surgery Clinic, non-shaven non-incisional technique, baby hair transplant | AD32: ปรับแนวไรผมให้ดูเป็นธรรมชาติ, คลินิกศัลยกรรม Mo&Line, ปลูกผมแบบไม่โกนไม่ผ่าตัด, ปลูกไรผมเส้นเล็ก | AF32: 월 10:00 ~ 19:00 화 10:00 ~ 19:00 수 10:00 ~ 19:00 목 10:00 ~ 19:00 금 10:00 ~ 21:00 토 10:00 ~ 16:30 | AG32: 가격 명시X (1500)
A33: 31 | B33: O | E33: =SUM( COUNTIF('리뷰 전체 모음 시트'!H:H, P33) ) -> 21 | F33: O | G33: O | H33: O | I33: X | J33: X | K33: O | L33: O | M33: =COUNTIFS('의사 등록'!D:D, P33, '의사 등록'!E:E, "<>") -> 6 | N33: =COUNTIFS('의사 등록'!D:D, P33, '의사 등록'!T:T, "<>") -> 6 | O33: 안면윤곽 | P33: 아이루미성형외과의원 | Q33: Irumi Plastic Surgery Clinic | R33: คลินิกศัลยกรรม ไอรูมิ | S33: 서울 강남구 논현동 | T33: Nonhyeon-dong, Gangnam-gu, Seoul | U33: แขวงนอนฮยอน เขตคังนัม กรุงโซล | V33: 37.514985 | W33: 127.02041 | X33: 서울 강남구 논현동 17-5 (논현동, 극동빌딩) 8층 아이루미성형외과의원 | Y33: 8F 596 Gangnam-daero, Gangnam-gu, Seoul | Z33: 8F 596 Gangnam-daero, Gangnam-gu, Seoul | AB33: 환자의 상태를 정밀히 진단하고 수술, 회복, 관리까지 체계적으로 진행됩니다. 단순히 수술로 예뻐지기 위함이 아닌 심리적인 부분까지 개선될 수 있도록 환자의 의견 하나하나에 귀기울입니다. | AC33: We provide a thorough diagnosis of each patient’s condition and manage the entire process from surgery to recovery and aftercare in a systematic way. Our goal is not only to enhance beauty through surgery but also to improve psychological well-being by carefully listening to each patient’s concerns. | AD33: วินิจฉัยสภาพของผู้ป่วยอย่างละเอียด และดำเนินการอย่างเป็นระบบตั้งแต่การผ่าตัด การฟื้นตัว และการดูแลหลังผ่าตัด ไม่ใช่แค่การทำศัลยกรรมเพื่อความสวยงามเท่านั้น แต่ยังให้ความสำคัญกับด้านจิตใจของผู้ป่วย โดยรับฟังความคิดเห็นของผู้ป่วยทุกขั้นตอน | AF33: {"friday":{"openTime":"2025-03-28T01:00:00.000Z","closeTime":"2025-03-28T10:00:00.000Z","monday":{"openTime":"2025-03-28T01:00:00.000Z","closeTime":"2025-03-28T10:00:00.000Z","sunday":{"holiday":true,"tuesday":{"openTime":"2025-03-28T01:00:00.000Z","closeTime":"2025-03-28T10:00:00.000Z","saturday":{"openTime":"2025-03-28T01:00:00.000Z","closeTime":"2025-03-28T08:00:00.000Z","thursday":{"openTime":"2025-03-28T01:00:00.000Z","closeTime":"2025-03-28T10:00:00.000Z","wednesday":{"openTime":"2025-03-28T01:00:00.000Z","closeTime":"2025-03-28T10:00:00.000Z" | AG33: 1500 | AH33: =AT33 -> 2.996 | AJ33: 5 | AK33: 4 | AM33: 222 | AP33: 3.3 | AQ33: 872 | AR33: 76 | AS33: =(AJ33*AK33)+(AL33*AM33)+(AN33*AO33)+(AP33*AQ33)/(AK33+AM33+AO33+AQ33) -> 2.63898 | AT33: =IF( (AK33*IF(AK33<10,0.5,IF(AK33>=1000,10,IF(AK33>=500,5,IF(AK33>=100,2,1))))) + (AM33*IF(AM33<10,0.5,IF(AM33>=1000,10,IF(AM33>=500,5,IF(AM33>=100,2,1))))) + (AO33*IF(AO33<10,0.5,IF(AO33>=1000,10,IF(AO33>=500,5,IF(AO33>=100,2,1))))) + (AQ33*IF(AQ33<10,0.5,IF(AQ33>=1000,10,IF(AQ33>=500,5,IF(AQ33>=100,2,1))))) =0, "", ROUND( MIN(5, MAX(0, ( AJ33*(AK33*IF(AK33<10,0.5,IF(AK33>=1000,10,IF(AK33>=500,5,IF(AK33>=100,2,1))))) + AL33*(AM33*IF(AM33<10,0.5,IF(AM33>=1000,10,IF(AM33>=500,5,IF(AM33>=100,2,1))))) + AN33*(AO33*IF(AO33<10,0.5,IF(AO33>=1000,10,IF(AO33>=500,5,IF(AO33>=100,2,1))))) + AP33*(AQ33*IF(AQ33<10,0.5,IF(AQ33>=1000,10,IF(AQ33>=500,5,IF(AQ33>=100,2,1))))) ) / ( (AK33*IF(AK33<10,0.5,IF(AK33>=1000,10,IF(AK33>=500,5,IF(AK33>=100,2,1))))) + (AM33*IF(AM33<10,0.5,IF(AM33>=1000,10,IF(AM33>=500,5,IF(AM33>=100,2,1))))) + (AO33*IF(AO33<10,0.5,IF(AO33>=1000,10,IF(AO33>=500,5,IF(AO33>=100,2,1))))) + (AQ33*IF(AQ33<10,0.5,IF(AQ33>=1000,10,IF(AQ33>=500,5,IF(AQ33>=100,2,1))))) ) ) ), 3 ) ) -> 2.996 | AV33: APPROVED | AY33: FALSE | AZ33: c54ce51a-d567-46ba-8f3f-1561a19b562f | BA33: 45744.197 | BB33: 45895.318
A34: 32 | B34: O | E34: =SUM( COUNTIF('리뷰 전체 모음 시트'!H:H, P34) ) -> 20 | F34: O | G34: O | H34: O | I34: X | J34: X | K34: O | L34: O | M34: =COUNTIFS('의사 등록'!D:D, P34, '의사 등록'!E:E, "<>") -> 2 | N34: =COUNTIFS('의사 등록'!D:D, P34, '의사 등록'!T:T, "<>") -> 2 | O34: 지방흡입 | P34: 스노우의원 | Q34: SNOW CLINIC | R34: คลินิกสโนว์ | S34: 서울 강남구 역삼동 | T34: Yeoksam-dong, Gangnam-gu, Seoul | U34: แขวงย็อกซัม เขตคังนัม กรุงโซล | V34: 37.498038 | W34: 127.02937 | X34: 서울 강남구 테헤란로 110 캠브리지 빌딩 6층 | Y34: 6F 110 Teheran-ro, Gangnam-gu, Seoul | Z34: 6F 110 Teheran-ro, Gangnam-gu, Seoul | AB34: 상담부터 수술, 수술 후 완치까지 환자분들께서 편안한 마음으로 진료를 받으실 수 있도록 실력에 진심을 더 하겠습니다. | AC34: From consultation to surgery and post-operative recovery, we will put our sincerity into our skills so that patients can receive treatment with peace of mind. | AD34: ตั้งแต่การปรึกษาหารือจนถึงการผ่าตัดและการฟื้นฟูหลังการผ่าตัด เราจะใส่ความจริงใจลงในทักษะของเราเพื่อให้ผู้ป่วยสามารถรับการรักษาด้วยความอุ่นใจ | AF34: 월 10:00~19:00 화 10:00~19:00 수 10:00~19:00 목 10:00~19:00 금 10:00~19:00 토 10:00~15:00 | AG34: 390 | AH34: =AT34 -> 3.916 | AJ34: 5 | AK34: 1 | AL34: 4.19 | AM34: 146 | AP34: 3.7 | AQ34: 186 | AR34: 77 | AS34: =(AJ34*AK34)+(AL34*AM34)+(AN34*AO34)+(AP34*AQ34)/(AK34+AM34+AO34+AQ34) -> 3.9187387 | AT34: =IF( (AK34*IF(AK34<10,0.5,IF(AK34>=1000,10,IF(AK34>=500,5,IF(AK34>=100,2,1))))) + (AM34*IF(AM34<10,0.5,IF(AM34>=1000,10,IF(AM34>=500,5,IF(AM34>=100,2,1))))) + (AO34*IF(AO34<10,0.5,IF(AO34>=1000,10,IF(AO34>=500,5,IF(AO34>=100,2,1))))) + (AQ34*IF(AQ34<10,0.5,IF(AQ34>=1000,10,IF(AQ34>=500,5,IF(AQ34>=100,2,1))))) =0, "", ROUND( MIN(5, MAX(0, ( AJ34*(AK34*IF(AK34<10,0.5,IF(AK34>=1000,10,IF(AK34>=500,5,IF(AK34>=100,2,1))))) + AL34*(AM34*IF(AM34<10,0.5,IF(AM34>=1000,10,IF(AM34>=500,5,IF(AM34>=100,2,1))))) + AN34*(AO34*IF(AO34<10,0.5,IF(AO34>=1000,10,IF(AO34>=500,5,IF(AO34>=100,2,1))))) + AP34*(AQ34*IF(AQ34<10,0.5,IF(AQ34>=1000,10,IF(AQ34>=500,5,IF(AQ34>=100,2,1))))) ) / ( (AK34*IF(AK34<10,0.5,IF(AK34>=1000,10,IF(AK34>=500,5,IF(AK34>=100,2,1))))) + (AM34*IF(AM34<10,0.5,IF(AM34>=1000,10,IF(AM34>=500,5,IF(AM34>=100,2,1))))) + (AO34*IF(AO34<10,0.5,IF(AO34>=1000,10,IF(AO34>=500,5,IF(AO34>=100,2,1))))) + (AQ34*IF(AQ34<10,0.5,IF(AQ34>=1000,10,IF(AQ34>=500,5,IF(AQ34>=100,2,1))))) ) ) ), 3 ) ) -> 3.916
A36: 계약 없이 작업한 DB 작업 리스트 > 추후 숨김 처리 될 수 있음
A37: 1 | C37: 4 | D37: 4.8 | E37: =SUM( COUNTIF('리뷰 전체 모음 시트'!H:H, P37) ) -> 23 | F37: O | G37: O | H37: O | I37: △ | J37: O | K37: O | L37: O | M37: =COUNTIFS('의사 등록'!D:D, P37, '의사 등록'!E:E, "<>") -> 3 | N37: =COUNTIFS('의사 등록'!D:D, P37, '의사 등록'!T:T, "<>") -> 3 | O37: 모발이식 | P37: 바람부는날에도성형외과의원 | Q37: On a Windy Day Plastic Surgery | R37: คลินิกศัลยกรรมโอนอะวินดี้เดย์ | S37: 서울 서초구 잠원동 | T37: Jamwon-dong, Seocho-gu, Seoul | U37: แขวงจัมวอน เขตซอชโช กรุงโซล | V37: 37.513197 | W37: 127.01847 | X37: 서울 서초구 잠원동 29-18 | Y37: 66 Sinbanpo-ro 47-gil | Z37: 66 Sinbanpo-ro 47-gil | AB37: 바람부는날에도 성형외과는 성형외과 전문의가 직접 집도하는 헤어라인 모발이식과 이마축소 전문 병원입니다. 저희는 효과를 과장하지 않습니다. 수술 후 어떤 점이 좋아질지, 또 어떤 한계가 있을지 솔직하게 설명드려야 환자분께서 제대로 된 결정을 내리실 수 있다고 믿기 때문입니다. | AC37: On a Windy Day Plastic Surgery Clinic is a specialized hospital for hairline transplantation and forehead reduction, where board-certified plastic surgeons perform every procedure directly. We never exaggerate results. We believe that by honestly explaining both the expected improvements and the possible limitations after surgery, our patients can make truly informed decisions. | AD37: คลินิกศัลยกรรมโอนอะวินดี้เดย์เป็นโรงพยาบาลเฉพาะทางด้านการปลูกผมบริเวณไรผมและการลดขนาดหน้าผาก ซึ่งทำการผ่าตัดโดยศัลยแพทย์ตกแต่งผู้เชี่ยวชาญด้วยตนเองทุกขั้นตอน เราจะไม่กล่าวเกินจริงเกี่ยวกับผลลัพธ์ เพราะเราเชื่อว่าการอธิบายอย่างตรงไปตรงมาถึงสิ่งที่จะดีขึ้นหลังการผ่าตัดและข้อจำกัดที่อาจเกิดขึ้น จะช่วยให้ผู้ป่วยตัดสินใจได้อย่างถูกต้องที่สุด | AF37: 월 09:00 ~ 19:00 화 09:00 ~ 19:00 수 09:00 ~ 19:00 목 09:00 ~ 19:00 금 09:00 ~ 19:00 토 09:00 ~ 17:00 | AG37: 3600 | AH37: =AT37 -> 0.361 | AJ37: 4.6 | AK37: 11 | AM37: 146 | AN37: 5 | AO37: 1 | AP37: 4.7 | AQ37: 13 | AR37: 0 | AS37: =(AJ37*AK37)+(AL37*AM37)+(AN37*AO37)+(AP37*AQ37)/(AK37+AM37+AO37+AQ37) -> 0.68245614 | AT37: =IF( (AK37*IF(AK37<10,0.5,IF(AK37>=1000,10,IF(AK37>=500,5,IF(AK37>=100,2,1))))) + (AM37*IF(AM37<10,0.5,IF(AM37>=1000,10,IF(AM37>=500,5,IF(AM37>=100,2,1))))) + (AO37*IF(AO37<10,0.5,IF(AO37>=1000,10,IF(AO37>=500,5,IF(AO37>=100,2,1))))) + (AQ37*IF(AQ37<10,0.5,IF(AQ37>=1000,10,IF(AQ37>=500,5,IF(AQ37>=100,2,1))))) =0, "", ROUND( MIN(5, MAX(0, ( AJ37*(AK37*IF(AK37<10,0.5,IF(AK37>=1000,10,IF(AK37>=500,5,IF(AK37>=100,2,1))))) + AL37*(AM37*IF(AM37<10,0.5,IF(AM37>=1000,10,IF(AM37>=500,5,IF(AM37>=100,2,1))))) + AN37*(AO37*IF(AO37<10,0.5,IF(AO37>=1000,10,IF(AO37>=500,5,IF(AO37>=100,2,1))))) + AP37*(AQ37*IF(AQ37<10,0.5,IF(AQ37>=1000,10,IF(AQ37>=500,5,IF(AQ37>=100,2,1))))) ) / ( (AK37*IF(AK37<10,0.5,IF(AK37>=1000,10,IF(AK37>=500,5,IF(AK37>=100,2,1))))) + (AM37*IF(AM37<10,0.5,IF(AM37>=1000,10,IF(AM37>=500,5,IF(AM37>=100,2,1))))) + (AO37*IF(AO37<10,0.5,IF(AO37>=1000,10,IF(AO37>=500,5,IF(AO37>=100,2,1))))) + (AQ37*IF(AQ37<10,0.5,IF(AQ37>=1000,10,IF(AQ37>=500,5,IF(AQ37>=100,2,1))))) ) ) ), 3 ) ) -> 0.361
A38: 2 | C38: 24 | D38: 4.6 | E38: =SUM( COUNTIF('리뷰 전체 모음 시트'!H:H, P38) ) -> 23 | F38: O | G38: O | H38: O | I38: O | J38: O | K38: O | L38: O | M38: =COUNTIFS('의사 등록'!D:D, P38, '의사 등록'!E:E, "<>") -> 2 | N38: =COUNTIFS('의사 등록'!D:D, P38, '의사 등록'!T:T, "<>") -> 2 | O38: 코 | P38: 어나더성형외과의원 | Q38: Another Plastic Surgery | R38: คลินิกศัลยกรรม Another | S38: 서울 강남구 역삼동 | T38: Yeoksam-dong, Gangnam-gu, Seoul | U38: แขวงย็อกซัม เขตคังนัม กรุงโซล | V38: 37.498609 | W38: 127.0279 | X38: 서울 강남구 역삼동 821 | Y38: 11F, 101 Teheran-ro, Gangnam-gu, Seoul | Z38: 11F, 101 Teheran-ro, Gangnam-gu, Seoul | AB38: 어나더성형외과에서는 무너지지 않는 단단한 기반으로 코의 완전한 균형과 아름다운 라인을 만들어드립니다. | AC38: At Another Plastic Surgery Clinic, we create perfectly balanced and beautifully defined noses built on a strong, lasting foundation. | AD38: ที่ Another Plastic Surgery Clinic เราสร้างสรรค์จมูกที่ได้สัดส่วนสมบูรณ์แบบและมีเส้นโค้งที่สวยงาม โดยมีพื้นฐานที่มั่นคงและคงรูปอย่างยาวนาน | AF38: 월 09:30 ~ 19:00 화 09:30 ~ 19:00 수 09:30 ~ 19:00 목 09:30 ~ 19:00 금 09:30 ~ 19:00 토 09:30 ~ 17:00 | AG38: 680 | AH38: =AT38 -> 2.139 | AJ38: 5 | AK38: 196 | AL38: 0 | AM38: 275 | AN38: 3.5 | AO38: 2 | AP38: 4 | AQ38: 29 | AS38: =(AJ38*AK38)+(AL38*AM38)+(AN38*AO38)+(AP38*AQ38)/(AK38+AM38+AO38+AQ38) -> 2.1972112 | AT38: =IF( (AK38*IF(AK38<10,0.5,IF(AK38>=1000,10,IF(AK38>=500,5,IF(AK38>=100,2,1))))) + (AM38*IF(AM38<10,0.5,IF(AM38>=1000,10,IF(AM38>=500,5,IF(AM38>=100,2,1))))) + (AO38*IF(AO38<10,0.5,IF(AO38>=1000,10,IF(AO38>=500,5,IF(AO38>=100,2,1))))) + (AQ38*IF(AQ38<10,0.5,IF(AQ38>=1000,10,IF(AQ38>=500,5,IF(AQ38>=100,2,1))))) =0, "", ROUND( MIN(5, MAX(0, ( AJ38*(AK38*IF(AK38<10,0.5,IF(AK38>=1000,10,IF(AK38>=500,5,IF(AK38>=100,2,1))))) + AL38*(AM38*IF(AM38<10,0.5,IF(AM38>=1000,10,IF(AM38>=500,5,IF(AM38>=100,2,1))))) + AN38*(AO38*IF(AO38<10,0.5,IF(AO38>=1000,10,IF(AO38>=500,5,IF(AO38>=100,2,1))))) + AP38*(AQ38*IF(AQ38<10,0.5,IF(AQ38>=1000,10,IF(AQ38>=500,5,IF(AQ38>=100,2,1))))) ) / ( (AK38*IF(AK38<10,0.5,IF(AK38>=1000,10,IF(AK38>=500,5,IF(AK38>=100,2,1))))) + (AM38*IF(AM38<10,0.5,IF(AM38>=1000,10,IF(AM38>=500,5,IF(AM38>=100,2,1))))) + (AO38*IF(AO38<10,0.5,IF(AO38>=1000,10,IF(AO38>=500,5,IF(AO38>=100,2,1))))) + (AQ38*IF(AQ38<10,0.5,IF(AQ38>=1000,10,IF(AQ38>=500,5,IF(AQ38>=100,2,1))))) ) ) ), 3 ) ) -> 2.139
A39: 3 | E39: =SUM( COUNTIF('리뷰 전체 모음 시트'!H:H, P39) ) -> 32 | F39: O | G39: O | H39: O | K39: O | L39: O | M39: =COUNTIFS('의사 등록'!D:D, P39, '의사 등록'!E:E, "<>") -> 5 | N39: =COUNTIFS('의사 등록'!D:D, P39, '의사 등록'!T:T, "<>") -> 5 | O39: 눈 | P39: 티에스성형외과의원 | Q39: TS Plastic Surgery Clinic | R39: คลินิกศัลยกรรมตกแต่ง ทีเอส | S39: 서울 강남구 논현동 | T39: Nonhyeon-dong, Gangnam-gu, Seoul | U39: แขวงนอนฮยอน เขตคังนัม กรุงโซล | V39: 37.516209 | W39: 127.02065 | X39: 서울 강남구 도산대로 108 렉스타워 12/13층 (신사역 1번출구 스타벅스건물) | Y39: 12F, 13F 108 Dosan-daero, Gangnam-gu, Seoul | Z39: 12F, 13F 108 Dosan-daero, Gangnam-gu, Seoul | AB39: 올바른 것이 아름답다' 안녕하세요. 아름다운 비밀이 시작되는 곳! 티에스성형외과입니다. 먼저, 아름다움을 꿈꾸고 보다 나은 삶을 희망하시는 모든 분들을 티에스성형외과가 응원합니다! | AC39: \Right is Beautiful.\" Welcome to TS Plastic Surgery, the place where the secret of beauty begins! We support everyone who dreams of beauty and hopes for a better life." | AD39: “สิ่งที่ถูกต้องคือสิ่งที่งดงาม”\nสวัสดีค่ะ ที่นี่คือสถานที่ซึ่งความลับแห่งความงามได้เริ่มต้น!\nเราคลินิกศัลยกรรมทีเอส ขอเป็นกำลังใจให้ทุกท่านที่ฝันถึงความงามและปรารถนาชีวิตที่ดียิ่งขึ้น! | AF39: 월 09:30~19:00 화 09:30~19:00 수 09:30~19:00 목 09:30~19:00 금 09:30~19:00 토 09:30~17:00 | AG39: 1000 | AH39: =AT39 -> 3.709 | AJ39: 4.5 | AK39: 42 | AM39: 387 | AN39: 4.6 | AO39: 29 | AP39: 3.9 | AQ39: 1474 | AR39: 82 | AS39: =(AJ39*AK39)+(AL39*AM39)+(AN39*AO39)+(AP39*AQ39)/(AK39+AM39+AO39+AQ39) -> 3.1423395 | AT39: =IF( (AK39*IF(AK39<10,0.5,IF(AK39>=1000,10,IF(AK39>=500,5,IF(AK39>=100,2,1))))) + (AM39*IF(AM39<10,0.5,IF(AM39>=1000,10,IF(AM39>=500,5,IF(AM39>=100,2,1))))) + (AO39*IF(AO39<10,0.5,IF(AO39>=1000,10,IF(AO39>=500,5,IF(AO39>=100,2,1))))) + (AQ39*IF(AQ39<10,0.5,IF(AQ39>=1000,10,IF(AQ39>=500,5,IF(AQ39>=100,2,1))))) =0, "", ROUND( MIN(5, MAX(0, ( AJ39*(AK39*IF(AK39<10,0.5,IF(AK39>=1000,10,IF(AK39>=500,5,IF(AK39>=100,2,1))))) + AL39*(AM39*IF(AM39<10,0.5,IF(AM39>=1000,10,IF(AM39>=500,5,IF(AM39>=100,2,1))))) + AN39*(AO39*IF(AO39<10,0.5,IF(AO39>=1000,10,IF(AO39>=500,5,IF(AO39>=100,2,1))))) + AP39*(AQ39*IF(AQ39<10,0.5,IF(AQ39>=1000,10,IF(AQ39>=500,5,IF(AQ39>=100,2,1))))) ) / ( (AK39*IF(AK39<10,0.5,IF(AK39>=1000,10,IF(AK39>=500,5,IF(AK39>=100,2,1))))) + (AM39*IF(AM39<10,0.5,IF(AM39>=1000,10,IF(AM39>=500,5,IF(AM39>=100,2,1))))) + (AO39*IF(AO39<10,0.5,IF(AO39>=1000,10,IF(AO39>=500,5,IF(AO39>=100,2,1))))) + (AQ39*IF(AQ39<10,0.5,IF(AQ39>=1000,10,IF(AQ39>=500,5,IF(AQ39>=100,2,1))))) ) ) ), 3 ) ) -> 3.709 | AV39: APPROVED | AY39: FALSE | AZ39: c54ce51a-d567-46ba-8f3f-1561a19b562f | BA39: 45789.321 | BB39: 45910.07
A40: 4 | E40: =SUM( COUNTIF('리뷰 전체 모음 시트'!H:H, P40) ) -> 24 | F40: O | G40: O | H40: O | K40: O | L40: O | M40: =COUNTIFS('의사 등록'!D:D, P40, '의사 등록'!E:E, "<>") -> 4 | N40: =COUNTIFS('의사 등록'!D:D, P40, '의사 등록'!T:T, "<>") -> 4 | O40: 눈 | P40: 일미리성형외과의원 | Q40: 1mm Plastic Surgery | R40: 1mm คลินิกศัลยกรรมตกแต่ง | S40: 서울 서초구 서초동 | T40: Seocho-dong, Seocho-gu, Seoul | U40: แขวงซอชโช เขตซอชโช กรุงโซล | V40: 37.502419 | W40: 127.02503 | X40: 서울 서초구 강남대로 449 (서초동, 영신빌딩) 영신빌딩 7,8,9,10층 | Y40: 449 Gangnam-daero, Seocho-gu, Seoul | Z40: 449 Gangnam-daero, Seocho-gu, Seoul | AB40: 💛 1mm Plastic Surgery 💛 섬세함의 차이가 수술의 결과를 좌우합니다. 1mm 성형외과는 높은 해부학적 이해도와 섬세한 기술력을 바탕으로 ‘조금만 더’ , ‘조금만 덜’의 아쉬움을 덜어냈습니다. 수많은 노하우와 임상경험이 축적된 1mm 성형외과의 의료진은 환자의 니즈를 정확하게 파악하여 보다 안전하고 만족도 높은 수술 결과로 특별한 아름다움을 선사합니다. 🟡 대리수술 0% 수술 실명제 🟡 과잉진료 없는 양심진료 🟡 첨단 감염관리 시스템 & 대학병원급 안전시스템 🟡 전 의료진 ACLS 자격증 보유 | AC40: 💛 1mm Plastic Surgery 💛 The difference of just 1mm determines the surgical outcome. At 1mm Plastic Surgery, with deep anatomical understanding and delicate skills, we eliminate the regrets of “a little more” or “a little less.” With extensive know-how and clinical experience, our medical team precisely understands patients’ needs to deliver safer, highly satisfying results and a unique beauty. 🟡 Zero proxy surgery, with a real-name surgery system 🟡 Honest treatment without unnecessary procedures 🟡 Advanced infection control & university hospital–level safety system 🟡 All medical staff certified in ACLS | AD40: 💛 1mm Plastic Surgery 💛 ความแตกต่างเพียง 1 มม. สามารถกำหนดผลลัพธ์ของการผ่าตัดได้ ที่ 1mm เรามีความเข้าใจทางกายวิภาคที่ลึกซึ้งและทักษะที่ละเอียดอ่อน เพื่อลดความเสียดายว่า “นิดเดียวเพิ่ม” หรือ “นิดเดียวน้อยไป” ทีมแพทย์ที่สั่งสมประสบการณ์และความรู้มากมายสามารถเข้าใจความต้องการของคนไข้ได้อย่างแม่นยำ พร้อมมอบความงามที่ปลอดภัยและน่าพึงพอใจ 🟡 ไม่มีการผ่าตัดแทน (0%) พร้อมระบบระบุชื่อศัลยแพทย์ 🟡 การรักษาด้วยความซื่อสัตย์ ไม่มีการทำหัตถการเกินจำเป็น 🟡 ระบบควบคุมการติดเชื้อขั้นสูง & ระบบความปลอดภัยระดับโรงพยาบาลมหาวิทยาลัย 🟡 ทีมแพทย์ทุกคนมีใบรับรอง ACLS | AF40: {"friday":{"openTime":"2025-04-01T01:00:00.000Z","closeTime":"2025-04-01T10:00:00.000Z","monday":{"openTime":"2025-04-01T01:00:00.000Z","closeTime":"2025-04-01T10:00:00.000Z","sunday":{"holiday":true,"tuesday":{"openTime":"2025-04-01T01:00:00.000Z","closeTime":"2025-04-01T10:00:00.000Z","saturday":{"openTime":"2025-04-01T01:00:00.000Z","closeTime":"2025-04-01T07:00:00.000Z","thursday":{"openTime":"2025-04-01T01:00:00.000Z","closeTime":"2025-04-01T10:00:00.000Z","wednesday":{"openTime":"2025-04-01T01:00:00.000Z","closeTime":"2025-04-01T10:00:00.000Z" | AG40: 1000 | AH40: =AT40 -> 3.815 | AJ40: 4.4 | AK40: 37 | AL40: 4.24 | AM40: 435 | AP40: 3.7 | AQ40: 683 | AR40: 80 | AS40: =(AJ40*AK40)+(AL40*AM40)+(AN40*AO40)+(AP40*AQ40)/(AK40+AM40+AO40+AQ40) -> 3.9258009 | AT40: =IF( (AK40*IF(AK40<10,0.5,IF(AK40>=1000,10,IF(AK40>=500,5,IF(AK40>=100,2,1))))) + (AM40*IF(AM40<10,0.5,IF(AM40>=1000,10,IF(AM40>=500,5,IF(AM40>=100,2,1))))) + (AO40*IF(AO40<10,0.5,IF(AO40>=1000,10,IF(AO40>=500,5,IF(AO40>=100,2,1))))) + (AQ40*IF(AQ40<10,0.5,IF(AQ40>=1000,10,IF(AQ40>=500,5,IF(AQ40>=100,2,1))))) =0, "", ROUND( MIN(5, MAX(0, ( AJ40*(AK40*IF(AK40<10,0.5,IF(AK40>=1000,10,IF(AK40>=500,5,IF(AK40>=100,2,1))))) + AL40*(AM40*IF(AM40<10,0.5,IF(AM40>=1000,10,IF(AM40>=500,5,IF(AM40>=100,2,1))))) + AN40*(AO40*IF(AO40<10,0.5,IF(AO40>=1000,10,IF(AO40>=500,5,IF(AO40>=100,2,1))))) + AP40*(AQ40*IF(AQ40<10,0.5,IF(AQ40>=1000,10,IF(AQ40>=500,5,IF(AQ40>=100,2,1))))) ) / ( (AK40*IF(AK40<10,0.5,IF(AK40>=1000,10,IF(AK40>=500,5,IF(AK40>=100,2,1))))) + (AM40*IF(AM40<10,0.5,IF(AM40>=1000,10,IF(AM40>=500,5,IF(AM40>=100,2,1))))) + (AO40*IF(AO40<10,0.5,IF(AO40>=1000,10,IF(AO40>=500,5,IF(AO40>=100,2,1))))) + (AQ40*IF(AQ40<10,0.5,IF(AQ40>=1000,10,IF(AQ40>=500,5,IF(AQ40>=100,2,1))))) ) ) ), 3 ) ) -> 3.815 | AV40: APPROVED | AY40: FALSE | AZ40: 32e88b22-9200-4190-8656-08ad07df140c | BA40: 45748.31 | BB40: 45856.246
A41: 5 | E41: =SUM( COUNTIF('리뷰 전체 모음 시트'!H:H, P41) ) -> 59 | F41: O | G41: O | H41: O | K41: O | L41: O | M41: =COUNTIFS('의사 등록'!D:D, P41, '의사 등록'!E:E, "<>") -> 5 | N41: =COUNTIFS('의사 등록'!D:D, P41, '의사 등록'!T:T, "<>") -> 5 | O41: 눈 | P41: 팝성형외과의원 | Q41: Pop Plastic Surgery Clinic | R41: คลินิกศัลยกรรมตกแต่ง ป๊อป | S41: 서울 강남구 신사동 | T41: Sinsa-dong, Gangnam-gu, Seoul | U41: แขวงซินซา เขตคังนัม กรุงโซล | V41: 37.523345 | W41: 127.028 | X41: 서울 강남구 논현로 837 원방빌딩 1층 | Y41: 837 Nonhyeon-ro, Gangnam-gu, Seoul | Z41: 837 Nonhyeon-ro, Gangnam-gu, Seoul | AB41: ABOUT POP 만족을 넘어서, 자신감을 선사합니다. '팝성형외과'는 (popular: '대중적인', '인기 있는')의 'pop'을 따 누구나 수비게 접근할 수 있는 대중적인 성형외과를 지향합니다. | AC41: 에이비성형외과의원 | AD41: เกี่ยวกับ POP เรามอบความมั่นใจเหนือความพึงพอใจ \POP ศัลยกรรมตกแต่ง\" มาจากคำว่า \"popular\" (ที่แปลว่า 'เป็นที่นิยม', 'เป็นที่รู้จัก') โดยมีเป้าหมายเพื่อเป็นคลินิกศัลยกรรมตกแต่งที่ทุกคนสามารถเข้าถึงได้อย่างง่ายดาย" | AF41: {"friday":{"holiday":false,"openTime":"2025-04-28T01:00:00.000Z","closeTime":"2025-04-28T10:00:00.000Z","monday":{"holiday":false,"openTime":"2025-04-28T01:00:00.000Z","closeTime":"2025-04-28T10:00:00.000Z","sunday":{"holiday":true,"tuesday":{"holiday":false,"openTime":"2025-04-28T01:00:00.000Z","closeTime":"2025-04-28T10:00:00.000Z","saturday":{"holiday":false,"openTime":"2025-04-28T01:00:00.000Z","closeTime":"2025-04-28T08:00:00.000Z","thursday":{"holiday":false,"openTime":"2025-04-28T01:00:00.000Z","closeTime":"2025-04-28T10:00:00.000Z","wednesday":{"holiday":false,"openTime":"2025-04-28T01:00:00.000Z","closeTime":"2025-04-28T10:00:00.000Z" | AG41: 1500 | AH41: =AT41 -> 1.757 | AJ41: 3 | AK41: 2 | AM41: 799 | AP41: 3.6 | AQ41: 762 | AR41: 79 | AS41: =(AJ41*AK41)+(AL41*AM41)+(AN41*AO41)+(AP41*AQ41)/(AK41+AM41+AO41+AQ41) -> 1.7589251 | AT41: =IF( (AK41*IF(AK41<10,0.5,IF(AK41>=1000,10,IF(AK41>=500,5,IF(AK41>=100,2,1))))) + (AM41*IF(AM41<10,0.5,IF(AM41>=1000,10,IF(AM41>=500,5,IF(AM41>=100,2,1))))) + (AO41*IF(AO41<10,0.5,IF(AO41>=1000,10,IF(AO41>=500,5,IF(AO41>=100,2,1))))) + (AQ41*IF(AQ41<10,0.5,IF(AQ41>=1000,10,IF(AQ41>=500,5,IF(AQ41>=100,2,1))))) =0, "", ROUND( MIN(5, MAX(0, ( AJ41*(AK41*IF(AK41<10,0.5,IF(AK41>=1000,10,IF(AK41>=500,5,IF(AK41>=100,2,1))))) + AL41*(AM41*IF(AM41<10,0.5,IF(AM41>=1000,10,IF(AM41>=500,5,IF(AM41>=100,2,1))))) + AN41*(AO41*IF(AO41<10,0.5,IF(AO41>=1000,10,IF(AO41>=500,5,IF(AO41>=100,2,1))))) + AP41*(AQ41*IF(AQ41<10,0.5,IF(AQ41>=1000,10,IF(AQ41>=500,5,IF(AQ41>=100,2,1))))) ) / ( (AK41*IF(AK41<10,0.5,IF(AK41>=1000,10,IF(AK41>=500,5,IF(AK41>=100,2,1))))) + (AM41*IF(AM41<10,0.5,IF(AM41>=1000,10,IF(AM41>=500,5,IF(AM41>=100,2,1))))) + (AO41*IF(AO41<10,0.5,IF(AO41>=1000,10,IF(AO41>=500,5,IF(AO41>=100,2,1))))) + (AQ41*IF(AQ41<10,0.5,IF(AQ41>=1000,10,IF(AQ41>=500,5,IF(AQ41>=100,2,1))))) ) ) ), 3 ) ) -> 1.757 | AV41: APPROVED | AY41: FALSE | AZ41: c54ce51a-d567-46ba-8f3f-1561a19b562f | BA41: 45775.222 | BB41: 45910.069
A42: 6 | E42: =SUM( COUNTIF('리뷰 전체 모음 시트'!H:H, P42) ) -> 30 | F42: O | G42: O | H42: O | K42: O | L42: O | M42: =COUNTIFS('의사 등록'!D:D, P42, '의사 등록'!E:E, "<>") -> 3 | N42: =COUNTIFS('의사 등록'!D:D, P42, '의사 등록'!T:T, "<>") -> 3 | O42: 눈 | P42: 마블성형외과의원 | Q42: Marbel Plastic Surgery Clinic | R42: คลินิกศัลยกรรมตกแต่ง มาร์เวล | S42: 서울 서초구 서초동 | T42: Seocho-dong, Seocho-gu, Seoul | U42: แขวงซอชโช เขตซอชโช กรุงโซล | V42: 37.501158 | W42: 127.02557 | X42: 서울 서초구 강남대로 435 주류성빌딩 3층 | Y42: 3F 435 Gangnam-daero, Seocho-gu, Seoul | Z42: 3F 435 Gangnam-daero, Seocho-gu, Seoul | AB42: The Different. 마블성형외과는 다릅니다. 01. 절제미를 통한 필요한만큼의 수술 큰 만족감 02. 개개인의 특징을 고려한 1:1 맞춤 시스템 03. 환자를 생각하는 통합의료 안심시스템 04. 상담부터 수술, 사후관리까지 안심 실명제도입 젊음과 아름다움이 시작되는 곳, 마블성형외과에서 오늘도 행복을 꿈꾸는 많은 분들과 함께 하겠습니다. | AC42: The Different. Marvel Plastic Surgery is different.\n01. Optimal satisfaction with only the necessary procedures through refined precision\n02. Personalized 1:1 system tailored to each individual’s characteristics\n03. Integrated medical safety system with patients in mind\n04. Real-name system applied from consultation to surgery and post-care\nMarvel Plastic Surgery is where youth and beauty begin, together with many who dream of happiness every day. | AD42: The Different. คลินิกศัลยกรรมมาร์เบิลแตกต่างกับคลินิกอื่นๆ\n01. การผ่าตัดที่เหมาะสม ไม่มากเกินไป แต่ให้ผลลัพธ์ที่น่าพึงพอใจ\n02. ระบบดูแลเฉพาะบุคคล 1:1 ที่คำนึงถึงลักษณะเฉพาะของแต่ละคน\n03. ระบบการแพทย์แบบองค์รวมที่คำนึงถึงความปลอดภัยของผู้ป่วย\n04. ระบบระบุชื่อศัลยแพทย์ที่ให้การดูแลตั้งแต่การให้คำปรึกษา การผ่าตัด และการดูแลหลังผ่าตัด\nสถานที่แห่งความงามและความอ่อนเยาว์ ที่มาร์เบิลศัลยกรรม เราพร้อมเดินเคียงข้างทุกคนที่มีความฝันแห่งความสุข | AF42: {"friday":{"holiday":false,"openTime":"2025-04-01T01:00:00.000Z","closeTime":"2025-04-01T10:00:00.000Z","monday":{"holiday":false,"openTime":"2025-04-01T01:00:00.000Z","closeTime":"2025-04-01T10:00:00.000Z","sunday":{"holiday":true,"tuesday":{"holiday":false,"openTime":"2025-04-01T01:00:00.000Z","closeTime":"2025-04-01T10:00:00.000Z","saturday":{"holiday":false,"openTime":"2025-04-01T01:00:00.000Z","closeTime":"2025-04-01T07:00:00.000Z","thursday":{"holiday":false,"openTime":"2025-04-01T01:00:00.000Z","closeTime":"2025-04-01T10:00:00.000Z","wednesday":{"holiday":false,"openTime":"2025-04-01T01:00:00.000Z","closeTime":"2025-04-01T10:00:00.000Z" | AG42: 600 | AH42: =AT42 -> 3.518 | AJ42: 4.6 | AK42: 68 | AM42: 450 | AN42: 3.6 | AO42: 21 | AP42: 3.8 | AQ42: 1098 | AR42: 83 | AS42: =(AJ42*AK42)+(AL42*AM42)+(AN42*AO42)+(AP42*AQ42)/(AK42+AM42+AO42+AQ42) -> 2.7860721 | AT42: =IF( (AK42*IF(AK42<10,0.5,IF(AK42>=1000,10,IF(AK42>=500,5,IF(AK42>=100,2,1))))) + (AM42*IF(AM42<10,0.5,IF(AM42>=1000,10,IF(AM42>=500,5,IF(AM42>=100,2,1))))) + (AO42*IF(AO42<10,0.5,IF(AO42>=1000,10,IF(AO42>=500,5,IF(AO42>=100,2,1))))) + (AQ42*IF(AQ42<10,0.5,IF(AQ42>=1000,10,IF(AQ42>=500,5,IF(AQ42>=100,2,1))))) =0, "", ROUND( MIN(5, MAX(0, ( AJ42*(AK42*IF(AK42<10,0.5,IF(AK42>=1000,10,IF(AK42>=500,5,IF(AK42>=100,2,1))))) + AL42*(AM42*IF(AM42<10,0.5,IF(AM42>=1000,10,IF(AM42>=500,5,IF(AM42>=100,2,1))))) + AN42*(AO42*IF(AO42<10,0.5,IF(AO42>=1000,10,IF(AO42>=500,5,IF(AO42>=100,2,1))))) + AP42*(AQ42*IF(AQ42<10,0.5,IF(AQ42>=1000,10,IF(AQ42>=500,5,IF(AQ42>=100,2,1))))) ) / ( (AK42*IF(AK42<10,0.5,IF(AK42>=1000,10,IF(AK42>=500,5,IF(AK42>=100,2,1))))) + (AM42*IF(AM42<10,0.5,IF(AM42>=1000,10,IF(AM42>=500,5,IF(AM42>=100,2,1))))) + (AO42*IF(AO42<10,0.5,IF(AO42>=1000,10,IF(AO42>=500,5,IF(AO42>=100,2,1))))) + (AQ42*IF(AQ42<10,0.5,IF(AQ42>=1000,10,IF(AQ42>=500,5,IF(AQ42>=100,2,1))))) ) ) ), 3 ) ) -> 3.518 | AV42: APPROVED | AY42: FALSE | AZ42: 32e88b22-9200-4190-8656-08ad07df140c | BA42: 45748.097 | BB42: 45910.085
A43: 7 | E43: =SUM( COUNTIF('리뷰 전체 모음 시트'!H:H, P43) ) -> 30 | F43: O | G43: O | H43: O | K43: O | L43: O | M43: =COUNTIFS('의사 등록'!D:D, P43, '의사 등록'!E:E, "<>") -> 2 | N43: =COUNTIFS('의사 등록'!D:D, P43, '의사 등록'!T:T, "<>") -> 2 | O43: 눈 | P43: 옐로우성형외과의원 | Q43: Yellow Plastic Surgery Clinic | R43: คลินิกศัลยกรรมตกแต่ง เยลโลว์ | S43: 서울 강남구 역삼동 | T43: Yeoksam-dong, Gangnam-gu, Seoul | U43: แขวงย็อกซัม เขตคังนัม กรุงโซล | V43: 37.49891 | W43: 127.0276 | X43: 서울 강남구 강남대로 406 Glass tower 5층 | Y43: 5F 406 Gangnam-daero, Gangnam-gu, Seoul | Z43: 5F 406 Gangnam-daero, Gangnam-gu, Seoul | AB43: 💛 전 수술실 CCTV 설치로 안심수술 💛 수술 전 집도의 직접 상담 & 경과체크!! 옐로우 성형외과는 눈성형, 코성형 및 재수술 전문 병원으로 정형화된 수술이 아닌 개인별 맞춤 성형으로 여러분의 품격을 한층 더 높여드리겠습니다. 보다 완벽한 결과로 소중한 여러분의 마음까지 챙겨드리고 싶습니다. | AC43: 💛 Safe surgery with CCTV installed in all operating rooms 💛 Direct consultation and follow-up checks by the operating surgeon! Yellow Plastic Surgery specializes in eye surgery, nose surgery, and revision surgery. We focus on personalized procedures tailored to each individual rather than standardized methods, enhancing your dignity and confidence. With more complete results, we aim to care for not only your appearance but also your peace of mind. | AD43: 💛 ติดตั้งกล้องวงจรปิด (CCTV) ในห้องผ่าตัดทุกห้อง เพื่อการผ่าตัดที่ปลอดภัย 💛\nพบกับศัลยแพทย์ก่อนการผ่าตัดและติดตามผลด้วยตนเอง!! Yellow คลินิกศัลยกรรมตกแต่ง เป็นผู้เชี่ยวชาญด้านศัลยกรรมตา จมูก และการแก้ไขศัลยกรรม เรามุ่งเน้นการทำศัลยกรรมเฉพาะบุคคล ไม่ใช่การผ่าตัดแบบมาตรฐาน เพื่อยกระดับความงามของคุณให้สมบูรณ์แบบยิ่งขึ้น เราต้องการดูแลทั้งผลลัพธ์และความรู้สึกอันมีค่าของคุณด้วยใจจริง | AF43: {"friday":{"holiday":false,"openTime":"2025-04-28T01:00:00.000Z","closeTime":"2025-04-28T10:00:00.000Z","monday":{"holiday":false,"openTime":"2025-04-28T01:00:00.000Z","closeTime":"2025-04-28T10:00:00.000Z","sunday":{"holiday":true,"tuesday":{"holiday":false,"openTime":"2025-04-28T01:00:00.000Z","closeTime":"2025-04-28T10:00:00.000Z","saturday":{"holiday":false,"openTime":"2025-04-28T01:00:00.000Z","closeTime":"2025-04-28T08:00:00.000Z","thursday":{"holiday":false,"openTime":"2025-04-28T01:00:00.000Z","closeTime":"2025-04-28T10:00:00.000Z","wednesday":{"holiday":false,"openTime":"2025-04-28T01:00:00.000Z","closeTime":"2025-04-28T10:00:00.000Z" | AG43: 700 | AH43: =AT43 -> 3.023 | AJ43: 3 | AK43: 2 | AM43: 341 | AP43: 3.8 | AQ43: 531 | AR43: 83 | AS43: =(AJ43*AK43)+(AL43*AM43)+(AN43*AO43)+(AP43*AQ43)/(AK43+AM43+AO43+AQ43) -> 2.3155606 | AT43: =IF( (AK43*IF(AK43<10,0.5,IF(AK43>=1000,10,IF(AK43>=500,5,IF(AK43>=100,2,1))))) + (AM43*IF(AM43<10,0.5,IF(AM43>=1000,10,IF(AM43>=500,5,IF(AM43>=100,2,1))))) + (AO43*IF(AO43<10,0.5,IF(AO43>=1000,10,IF(AO43>=500,5,IF(AO43>=100,2,1))))) + (AQ43*IF(AQ43<10,0.5,IF(AQ43>=1000,10,IF(AQ43>=500,5,IF(AQ43>=100,2,1))))) =0, "", ROUND( MIN(5, MAX(0, ( AJ43*(AK43*IF(AK43<10,0.5,IF(AK43>=1000,10,IF(AK43>=500,5,IF(AK43>=100,2,1))))) + AL43*(AM43*IF(AM43<10,0.5,IF(AM43>=1000,10,IF(AM43>=500,5,IF(AM43>=100,2,1))))) + AN43*(AO43*IF(AO43<10,0.5,IF(AO43>=1000,10,IF(AO43>=500,5,IF(AO43>=100,2,1))))) + AP43*(AQ43*IF(AQ43<10,0.5,IF(AQ43>=1000,10,IF(AQ43>=500,5,IF(AQ43>=100,2,1))))) ) / ( (AK43*IF(AK43<10,0.5,IF(AK43>=1000,10,IF(AK43>=500,5,IF(AK43>=100,2,1))))) + (AM43*IF(AM43<10,0.5,IF(AM43>=1000,10,IF(AM43>=500,5,IF(AM43>=100,2,1))))) + (AO43*IF(AO43<10,0.5,IF(AO43>=1000,10,IF(AO43>=500,5,IF(AO43>=100,2,1))))) + (AQ43*IF(AQ43<10,0.5,IF(AQ43>=1000,10,IF(AQ43>=500,5,IF(AQ43>=100,2,1))))) ) ) ), 3 ) ) -> 3.023 | AV43: APPROVED | AY43: FALSE | AZ43: 385f03b3-706f-4bc8-8523-56123fe00505 | BA43: 45775.224 | BB43: 45910.07
A44: 8 | E44: =SUM( COUNTIF('리뷰 전체 모음 시트'!H:H, P44) ) -> 30 | F44: O | G44: O | H44: O | K44: O | L44: O | M44: =COUNTIFS('의사 등록'!D:D, P44, '의사 등록'!E:E, "<>") -> 3 | N44: =COUNTIFS('의사 등록'!D:D, P44, '의사 등록'!T:T, "<>") -> 3 | O44: 눈 | P44: 노상훈성형외과의원 | Q44: Roh Sang Hoon Plastic Surgery | R44: โนซังฮุนคลินิกศัลยกรรมตกแต่ง | S44: 서울 강남구 논현동 | T44: Nonhyeon-dong, Gangnam-gu, Seoul | U44: แขวงนอนฮยอน เขตคังนัม กรุงโซล | V44: 37.51635 | W44: 127.02099 | X44: 서울 강남구 도산대로 110 케이비엘 센터 7층 | Y44: 7F 110 Dosan-daero, Gangnam-gu, Seoul | Z44: 7F 110 Dosan-daero, Gangnam-gu, Seoul | AB44: 빠른성형보다 바른성형을 추구하는 눈성형 중점 진료 병원 노상훈성형외과 입니다. | AC44: Noh Sang Hoon Plastic Surgery is a clinic specializing in eye surgery, pursuing the right surgery rather than fast surgery. | AD44: โนซังฮุนคลินิกศัลยกรรมตกแต่ง เป็นคลินิกที่มุ่งเน้นศัลยกรรมตา โดยยึดหลักการทำศัลยกรรมที่ถูกต้องมากกว่าความรวดเร็ว | AF44: {"friday":{"openTime":"2025-04-01T01:00:00.000Z","closeTime":"2025-04-01T11:00:00.000Z","monday":{"openTime":"2025-04-01T01:00:00.000Z","closeTime":"2025-04-01T10:00:00.000Z","sunday":{"holiday":true,"tuesday":{"openTime":"2025-04-01T01:00:00.000Z","closeTime":"2025-04-01T10:00:00.000Z","saturday":{"openTime":"2025-04-01T01:00:00.000Z","closeTime":"2025-04-01T07:00:00.000Z","thursday":{"openTime":"2025-04-01T01:00:00.000Z","closeTime":"2025-04-01T10:00:00.000Z","wednesday":{"openTime":"2025-04-01T01:00:00.000Z","closeTime":"2025-04-01T10:00:00.000Z" | AG44: 800 | AH44: =AT44 -> 3.61 | AJ44: 4 | AK44: 4 | AM44: 315 | AN44: 2.1 | AO44: 12 | AP44: 3.8 | AQ44: 1203 | AR44: 85 | AS44: =(AJ44*AK44)+(AL44*AM44)+(AN44*AO44)+(AP44*AQ44)/(AK44+AM44+AO44+AQ44) -> 3.00691 | AT44: =IF( (AK44*IF(AK44<10,0.5,IF(AK44>=1000,10,IF(AK44>=500,5,IF(AK44>=100,2,1))))) + (AM44*IF(AM44<10,0.5,IF(AM44>=1000,10,IF(AM44>=500,5,IF(AM44>=100,2,1))))) + (AO44*IF(AO44<10,0.5,IF(AO44>=1000,10,IF(AO44>=500,5,IF(AO44>=100,2,1))))) + (AQ44*IF(AQ44<10,0.5,IF(AQ44>=1000,10,IF(AQ44>=500,5,IF(AQ44>=100,2,1))))) =0, "", ROUND( MIN(5, MAX(0, ( AJ44*(AK44*IF(AK44<10,0.5,IF(AK44>=1000,10,IF(AK44>=500,5,IF(AK44>=100,2,1))))) + AL44*(AM44*IF(AM44<10,0.5,IF(AM44>=1000,10,IF(AM44>=500,5,IF(AM44>=100,2,1))))) + AN44*(AO44*IF(AO44<10,0.5,IF(AO44>=1000,10,IF(AO44>=500,5,IF(AO44>=100,2,1))))) + AP44*(AQ44*IF(AQ44<10,0.5,IF(AQ44>=1000,10,IF(AQ44>=500,5,IF(AQ44>=100,2,1))))) ) / ( (AK44*IF(AK44<10,0.5,IF(AK44>=1000,10,IF(AK44>=500,5,IF(AK44>=100,2,1))))) + (AM44*IF(AM44<10,0.5,IF(AM44>=1000,10,IF(AM44>=500,5,IF(AM44>=100,2,1))))) + (AO44*IF(AO44<10,0.5,IF(AO44>=1000,10,IF(AO44>=500,5,IF(AO44>=100,2,1))))) + (AQ44*IF(AQ44<10,0.5,IF(AQ44>=1000,10,IF(AQ44>=500,5,IF(AQ44>=100,2,1))))) ) ) ), 3 ) ) -> 3.61 | AV44: APPROVED | AY44: FALSE | AZ44: 32e88b22-9200-4190-8656-08ad07df140c | BA44: 45748.101 | BB44: 45856.251
A45: 9 | E45: =SUM( COUNTIF('리뷰 전체 모음 시트'!H:H, P45) ) -> 30 | F45: O | G45: O | H45: O | K45: O | L45: O | M45: =COUNTIFS('의사 등록'!D:D, P45, '의사 등록'!E:E, "<>") -> 3 | N45: =COUNTIFS('의사 등록'!D:D, P45, '의사 등록'!T:T, "<>") -> 3 | O45: 눈 | P45: 루비성형외과의원 | Q45: Ruby Plastic Surgery | R45: รูบี้คลินิกศัลยกรรมตกแต่ง | S45: 서울 강남구 논현동 | T45: Nonhyeon-dong, Gangnam-gu, Seoul | U45: แขวงนอนฮยอน เขตคังนัม กรุงโซล | V45: 37.516214 | W45: 127.02065 | X45: 서울 강남구 도산대로 108 9층, 10층 | Y45: 9F, 10F 108 Dosan-daero, Gangnam-gu, Seoul | Z45: 9F, 10F 108 Dosan-daero, Gangnam-gu, Seoul | AB45: 루비성형외과의원은 획일화된 아름다움이 아닌, 나에게 맞는 자연스러운 아름다움을 찾아드립니다. 절대 양심을 속이거나 안전에 있어서 타협하지 않고 더 좋은 방법, 더 안심할 수 있는 방법으로 수술하기 위해 의료진과 스텝들은 최선을 다해 노력합니다. | AC45: Ruby Plastic Surgery helps you find natural beauty that suits you, rather than a standardized form of beauty. We never compromise on honesty or safety. Our doctors and staff are fully dedicated to performing surgeries in the best and safest ways possible. | AD45: รูบี้คลินิกศัลยกรรมตกแต่ง ช่วยค้นหาความงามตามธรรมชาติที่เหมาะกับคุณ ไม่ใช่ความงามที่ถูกทำให้เหมือนกัน เราไม่เคยประนีประนอมเรื่องความซื่อสัตย์หรือความปลอดภัย ทีมแพทย์และเจ้าหน้าที่ทุ่มเทอย่างเต็มที่เพื่อทำการผ่าตัดด้วยวิธีที่ดีที่สุดและปลอดภัยที่สุด | AF45: 월 10:00 ~ 19:00 화 10:00 ~ 19:00 수 10:00 ~ 19:00 목 10:00 ~ 20:30 금 10:00 ~ 19:00 토 10:00 ~ 19:00 | AG45: 700 | AH45: =AT45 -> 1.071 | AJ45: 4.8 | AK45: 214 | AM45: 519 | AN45: 4.9 | AO45: 60 | AP45: 3.4 | AQ45: 205 | AR45: 80 | AS45: =(AJ45*AK45)+(AL45*AM45)+(AN45*AO45)+(AP45*AQ45)/(AK45+AM45+AO45+AQ45) -> 2.0222445 | AT45: =IF( (AK45*IF(AK45<10,0.5,IF(AK45>=1000,10,IF(AK45>=500,5,IF(AK45>=100,2,1))))) + (AM45*IF(AM45<10,0.5,IF(AM45>=1000,10,IF(AM45>=500,5,IF(AM45>=100,2,1))))) + (AO45*IF(AO45<10,0.5,IF(AO45>=1000,10,IF(AO45>=500,5,IF(AO45>=100,2,1))))) + (AQ45*IF(AQ45<10,0.5,IF(AQ45>=1000,10,IF(AQ45>=500,5,IF(AQ45>=100,2,1))))) =0, "", ROUND( MIN(5, MAX(0, ( AJ45*(AK45*IF(AK45<10,0.5,IF(AK45>=1000,10,IF(AK45>=500,5,IF(AK45>=100,2,1))))) + AL45*(AM45*IF(AM45<10,0.5,IF(AM45>=1000,10,IF(AM45>=500,5,IF(AM45>=100,2,1))))) + AN45*(AO45*IF(AO45<10,0.5,IF(AO45>=1000,10,IF(AO45>=500,5,IF(AO45>=100,2,1))))) + AP45*(AQ45*IF(AQ45<10,0.5,IF(AQ45>=1000,10,IF(AQ45>=500,5,IF(AQ45>=100,2,1))))) ) / ( (AK45*IF(AK45<10,0.5,IF(AK45>=1000,10,IF(AK45>=500,5,IF(AK45>=100,2,1))))) + (AM45*IF(AM45<10,0.5,IF(AM45>=1000,10,IF(AM45>=500,5,IF(AM45>=100,2,1))))) + (AO45*IF(AO45<10,0.5,IF(AO45>=1000,10,IF(AO45>=500,5,IF(AO45>=100,2,1))))) + (AQ45*IF(AQ45<10,0.5,IF(AQ45>=1000,10,IF(AQ45>=500,5,IF(AQ45>=100,2,1))))) ) ) ), 3 ) ) -> 1.071
A46: 10 | E46: =SUM( COUNTIF('리뷰 전체 모음 시트'!H:H, P46) ) -> 30 | F46: O | G46: O | H46: O | K46: O | L46: O | M46: =COUNTIFS('의사 등록'!D:D, P46, '의사 등록'!E:E, "<>") -> 4 | N46: =COUNTIFS('의사 등록'!D:D, P46, '의사 등록'!T:T, "<>") -> 4 | O46: 눈 | P46: 자연주의성형외과의원 | Q46: Naturalistic Plastic Surgery Clinic | R46: คลินิกศัลยกรรมพลาสติกแบบธรรมชาติ | S46: 서울 강남구 논현동 | T46: Nonhyeon-dong, Gangnam-gu, Seoul | U46: แขวงนอนฮยอน เขตคังนัม กรุงโซล | V46: 37.51589 | W46: 127.02018 | X46: 서울 강남구 강남대로 606 삼주빌딩 11층 | Y46: 11F 606 Gangnam-daero, Gangnam-gu, Seoul | Z46: 11F 606 Gangnam-daero, Gangnam-gu, Seoul | AB46: 꽃미모 활짝 피어나다! 눈코수술은 역시 자연주의! 대리수술 걱정 NO | AC46: Let your beauty blossom! Natural-looking eye and nose surgery is the way to go! No need to worry about proxy surgery. | AD46: ปล่อยให้ความงามของคุณเบ่งบาน! ศัลยกรรมตาและจมูกที่ดูเป็นธรรมชาติคือทางออกที่ดีที่สุด! ไม่ต้องกังวลเรื่องศัลยกรรมเสริมจมูก | AF46: 월 10:00 ~ 19:00 화 10:00 ~ 19:00 수 10:00 ~ 19:00 목 10:00 ~ 19:00 금 10:00 ~ 21:00 토 10:00 ~ 16:00 | AG46: 600 | AH46: =AT46 -> 3.826 | AJ46: 4.8 | AK46: 17 | AL46: 4.42 | AM46: 379 | AP46: 3.8 | AQ46: 1807 | AR46: 82 | AS46: =(AJ46*AK46)+(AL46*AM46)+(AN46*AO46)+(AP46*AQ46)/(AK46+AM46+AO46+AQ46) -> 3.9143804 | AT46: =IF( (AK46*IF(AK46<10,0.5,IF(AK46>=1000,10,IF(AK46>=500,5,IF(AK46>=100,2,1))))) + (AM46*IF(AM46<10,0.5,IF(AM46>=1000,10,IF(AM46>=500,5,IF(AM46>=100,2,1))))) + (AO46*IF(AO46<10,0.5,IF(AO46>=1000,10,IF(AO46>=500,5,IF(AO46>=100,2,1))))) + (AQ46*IF(AQ46<10,0.5,IF(AQ46>=1000,10,IF(AQ46>=500,5,IF(AQ46>=100,2,1))))) =0, "", ROUND( MIN(5, MAX(0, ( AJ46*(AK46*IF(AK46<10,0.5,IF(AK46>=1000,10,IF(AK46>=500,5,IF(AK46>=100,2,1))))) + AL46*(AM46*IF(AM46<10,0.5,IF(AM46>=1000,10,IF(AM46>=500,5,IF(AM46>=100,2,1))))) + AN46*(AO46*IF(AO46<10,0.5,IF(AO46>=1000,10,IF(AO46>=500,5,IF(AO46>=100,2,1))))) + AP46*(AQ46*IF(AQ46<10,0.5,IF(AQ46>=1000,10,IF(AQ46>=500,5,IF(AQ46>=100,2,1))))) ) / ( (AK46*IF(AK46<10,0.5,IF(AK46>=1000,10,IF(AK46>=500,5,IF(AK46>=100,2,1))))) + (AM46*IF(AM46<10,0.5,IF(AM46>=1000,10,IF(AM46>=500,5,IF(AM46>=100,2,1))))) + (AO46*IF(AO46<10,0.5,IF(AO46>=1000,10,IF(AO46>=500,5,IF(AO46>=100,2,1))))) + (AQ46*IF(AQ46<10,0.5,IF(AQ46>=1000,10,IF(AQ46>=500,5,IF(AQ46>=100,2,1))))) ) ) ), 3 ) ) -> 3.826
A47: 11 | E47: =SUM( COUNTIF('리뷰 전체 모음 시트'!H:H, P47) ) -> 20 | F47: O | G47: O | H47: O | K47: O | L47: O | M47: =COUNTIFS('의사 등록'!D:D, P47, '의사 등록'!E:E, "<>") -> 1 | N47: =COUNTIFS('의사 등록'!D:D, P47, '의사 등록'!T:T, "<>") -> 1 | O47: 눈 | P47: 처음처럼성형외과의원 | Q47: LIKE THE FIRST TIME Plastic Surgery | R47: คลินิกศัลยกรรมพลาสติกเหมือนครั้งแรก | S47: 서울 강남구 역삼동 | T47: Yeoksam-dong, Gangnam-gu, Seoul | U47: แขวงย็อกซัม เขตคังนัม กรุงโซล | V47: 37.498837 | W47: 127.02925 | X47: 서울 강남구 테헤란로 111 대건빌딩 8층 | Y47: 8F 111 Teheran-ro, Gangnam-gu, Seoul | Z47: 8F 111 Teheran-ro, Gangnam-gu, Seoul | AB47: 의료진이 A to Z 시스템을 운영하여 의료진이 모든 과정 케어 | AC47: The medical staff operates an A to Z system, so the medical staff takes care of the entire process. | AD47: บุคลากรทางการแพทย์ดำเนินงานระบบ A ถึง Z ดังนั้นบุคลากรทางการแพทย์จะดูแลกระบวนการทั้งหมด | AF47: 월 10:00 ~ 19:00 화 10:00 ~ 19:00 수 10:00 ~ 19:00 목 10:00 ~ 19:00 금 10:00 ~ 19:00 토 10:00 ~ 17:00 | AG47: 가격 명시X (1500) | AH47: =AT47 -> 0.385 | AJ47: 4.8 | AK47: 5 | AM47: 487 | AN47: 4.6 | AO47: 9 | AP47: 4.1 | AQ47: 93 | AR47: 83 | AS47: =(AJ47*AK47)+(AL47*AM47)+(AN47*AO47)+(AP47*AQ47)/(AK47+AM47+AO47+AQ47) -> 0.7520202 | AT47: =IF( (AK47*IF(AK47<10,0.5,IF(AK47>=1000,10,IF(AK47>=500,5,IF(AK47>=100,2,1))))) + (AM47*IF(AM47<10,0.5,IF(AM47>=1000,10,IF(AM47>=500,5,IF(AM47>=100,2,1))))) + (AO47*IF(AO47<10,0.5,IF(AO47>=1000,10,IF(AO47>=500,5,IF(AO47>=100,2,1))))) + (AQ47*IF(AQ47<10,0.5,IF(AQ47>=1000,10,IF(AQ47>=500,5,IF(AQ47>=100,2,1))))) =0, "", ROUND( MIN(5, MAX(0, ( AJ47*(AK47*IF(AK47<10,0.5,IF(AK47>=1000,10,IF(AK47>=500,5,IF(AK47>=100,2,1))))) + AL47*(AM47*IF(AM47<10,0.5,IF(AM47>=1000,10,IF(AM47>=500,5,IF(AM47>=100,2,1))))) + AN47*(AO47*IF(AO47<10,0.5,IF(AO47>=1000,10,IF(AO47>=500,5,IF(AO47>=100,2,1))))) + AP47*(AQ47*IF(AQ47<10,0.5,IF(AQ47>=1000,10,IF(AQ47>=500,5,IF(AQ47>=100,2,1))))) ) / ( (AK47*IF(AK47<10,0.5,IF(AK47>=1000,10,IF(AK47>=500,5,IF(AK47>=100,2,1))))) + (AM47*IF(AM47<10,0.5,IF(AM47>=1000,10,IF(AM47>=500,5,IF(AM47>=100,2,1))))) + (AO47*IF(AO47<10,0.5,IF(AO47>=1000,10,IF(AO47>=500,5,IF(AO47>=100,2,1))))) + (AQ47*IF(AQ47<10,0.5,IF(AQ47>=1000,10,IF(AQ47>=500,5,IF(AQ47>=100,2,1))))) ) ) ), 3 ) ) -> 0.385
A48: 12 | E48: =SUM( COUNTIF('리뷰 전체 모음 시트'!H:H, P48) ) -> 20 | F48: O | G48: O | H48: O | K48: O | L48: O | M48: =COUNTIFS('의사 등록'!D:D, P48, '의사 등록'!E:E, "<>") -> 3 | N48: =COUNTIFS('의사 등록'!D:D, P48, '의사 등록'!T:T, "<>") -> 3 | O48: 눈 | P48: 미호성형외과의원 | Q48: Miho Plastic Surgery Clinic | R48: คลินิกศัลยกรรมพลาสติกมิโฮ | S48: 서울 강남구 논현동 | T48: Nonhyeon-dong, Gangnam-gu, Seoul | U48: แขวงนอนฮยอน เขตคังนัม กรุงโซล | V48: 37.506209 | W48: 127.02411 | X48: 서울 강남구 강남대로 492 (논현동, 한맥빌딩) HM타워 7,8,9층 | Y48: 7F 492 Gangnam-daero, Gangnam-gu, Seoul | Z48: 7F 492 Gangnam-daero, Gangnam-gu, Seoul | AB48: 안전 지향, 분야별 협력 진료 시스템 날마다 예쁨, 미호성형외과의원 | AC48: Safety-Oriented, Collaborative Care System Pretty Every Day, Miho Plastic Surgery Clinic | AD48: ระบบการดูแลแบบร่วมมือกันที่เน้นความปลอดภัย Pretty Every Day คลินิกศัลยกรรมตกแต่งมิโฮ | AF48: 월 10:00 ~ 19:00 화 10:00 ~ 19:00 수 10:00 ~ 19:00 목 10:00 ~ 19:00 금 10:00 ~ 19:00 토 10:00 ~ 17:00 | AG48: 500 | AH48: =AT48 -> 1.009 | AJ48: 4.9 | AK48: 90 | AM48: 1106 | AN48: 4.9 | AO48: 286 | AP48: 3.8 | AQ48: 615 | AR48: 83 | AS48: =(AJ48*AK48)+(AL48*AM48)+(AN48*AO48)+(AP48*AQ48)/(AK48+AM48+AO48+AQ48) -> 1.9930377 | AT48: =IF( (AK48*IF(AK48<10,0.5,IF(AK48>=1000,10,IF(AK48>=500,5,IF(AK48>=100,2,1))))) + (AM48*IF(AM48<10,0.5,IF(AM48>=1000,10,IF(AM48>=500,5,IF(AM48>=100,2,1))))) + (AO48*IF(AO48<10,0.5,IF(AO48>=1000,10,IF(AO48>=500,5,IF(AO48>=100,2,1))))) + (AQ48*IF(AQ48<10,0.5,IF(AQ48>=1000,10,IF(AQ48>=500,5,IF(AQ48>=100,2,1))))) =0, "", ROUND( MIN(5, MAX(0, ( AJ48*(AK48*IF(AK48<10,0.5,IF(AK48>=1000,10,IF(AK48>=500,5,IF(AK48>=100,2,1))))) + AL48*(AM48*IF(AM48<10,0.5,IF(AM48>=1000,10,IF(AM48>=500,5,IF(AM48>=100,2,1))))) + AN48*(AO48*IF(AO48<10,0.5,IF(AO48>=1000,10,IF(AO48>=500,5,IF(AO48>=100,2,1))))) + AP48*(AQ48*IF(AQ48<10,0.5,IF(AQ48>=1000,10,IF(AQ48>=500,5,IF(AQ48>=100,2,1))))) ) / ( (AK48*IF(AK48<10,0.5,IF(AK48>=1000,10,IF(AK48>=500,5,IF(AK48>=100,2,1))))) + (AM48*IF(AM48<10,0.5,IF(AM48>=1000,10,IF(AM48>=500,5,IF(AM48>=100,2,1))))) + (AO48*IF(AO48<10,0.5,IF(AO48>=1000,10,IF(AO48>=500,5,IF(AO48>=100,2,1))))) + (AQ48*IF(AQ48<10,0.5,IF(AQ48>=1000,10,IF(AQ48>=500,5,IF(AQ48>=100,2,1))))) ) ) ), 3 ) ) -> 1.009
A49: 13 | E49: =SUM( COUNTIF('리뷰 전체 모음 시트'!H:H, P49) ) -> 20 | F49: O | G49: O | H49: O | K49: O | L49: O | M49: =COUNTIFS('의사 등록'!D:D, P49, '의사 등록'!E:E, "<>") -> 3 | N49: =COUNTIFS('의사 등록'!D:D, P49, '의사 등록'!T:T, "<>") -> 3 | O49: 눈 | P49: 제이티성형외과의원 | Q49: JT Plastic Surgery Clinic | R49: คลินิกศัลยกรรมพลาสติกเจที | S49: 서울 강남구 논현동 | T49: Nonhyeon-dong, Gangnam-gu, Seoul | U49: แขวงนอนฮยอน เขตคังนัม กรุงโซล | V49: 37.517363 | W49: 127.02344 | X49: 서울특별시 강남구 도산대로 134 8층 | Y49: 8F 134 Dosan-daero, Gangnam-gu, Seoul | Z49: 8F 134 Dosan-daero, Gangnam-gu, Seoul | AB49: 예쁜 티 나면 제이티 | AC49: You have a pretty face at JT | AD49: คุณมีหน้าตาที่สวยนะที่ JT | AF49: 월 10:00 ~ 19:00 화 10:00 ~ 19:00 수 10:00 ~ 19:00 목 10:00 ~ 19:00 금 10:00 ~ 19:00 토 10:00 ~ 16:00 | AG49: 600 | AH49: =AT49 -> 3.602 | AJ49: 5 | AK49: 148 | AM49: 219 | AP49: 4 | AQ49: 584 | AR49: 82 | AS49: =(AJ49*AK49)+(AL49*AM49)+(AN49*AO49)+(AP49*AQ49)/(AK49+AM49+AO49+AQ49) -> 3.23449 | AT49: =IF( (AK49*IF(AK49<10,0.5,IF(AK49>=1000,10,IF(AK49>=500,5,IF(AK49>=100,2,1))))) + (AM49*IF(AM49<10,0.5,IF(AM49>=1000,10,IF(AM49>=500,5,IF(AM49>=100,2,1))))) + (AO49*IF(AO49<10,0.5,IF(AO49>=1000,10,IF(AO49>=500,5,IF(AO49>=100,2,1))))) + (AQ49*IF(AQ49<10,0.5,IF(AQ49>=1000,10,IF(AQ49>=500,5,IF(AQ49>=100,2,1))))) =0, "", ROUND( MIN(5, MAX(0, ( AJ49*(AK49*IF(AK49<10,0.5,IF(AK49>=1000,10,IF(AK49>=500,5,IF(AK49>=100,2,1))))) + AL49*(AM49*IF(AM49<10,0.5,IF(AM49>=1000,10,IF(AM49>=500,5,IF(AM49>=100,2,1))))) + AN49*(AO49*IF(AO49<10,0.5,IF(AO49>=1000,10,IF(AO49>=500,5,IF(AO49>=100,2,1))))) + AP49*(AQ49*IF(AQ49<10,0.5,IF(AQ49>=1000,10,IF(AQ49>=500,5,IF(AQ49>=100,2,1))))) ) / ( (AK49*IF(AK49<10,0.5,IF(AK49>=1000,10,IF(AK49>=500,5,IF(AK49>=100,2,1))))) + (AM49*IF(AM49<10,0.5,IF(AM49>=1000,10,IF(AM49>=500,5,IF(AM49>=100,2,1))))) + (AO49*IF(AO49<10,0.5,IF(AO49>=1000,10,IF(AO49>=500,5,IF(AO49>=100,2,1))))) + (AQ49*IF(AQ49<10,0.5,IF(AQ49>=1000,10,IF(AQ49>=500,5,IF(AQ49>=100,2,1))))) ) ) ), 3 ) ) -> 3.602
A50: 14 | E50: =SUM( COUNTIF('리뷰 전체 모음 시트'!H:H, P50) ) -> 20 | F50: O | G50: O | H50: O | K50: O | L50: O | M50: =COUNTIFS('의사 등록'!D:D, P50, '의사 등록'!E:E, "<>") -> 3 | N50: =COUNTIFS('의사 등록'!D:D, P50, '의사 등록'!T:T, "<>") -> 3 | O50: 눈 | P50: 아이팅성형외과의원 | Q50: EYETING Plastic Surgery | R50: ศัลยกรรมตกแต่ง EYETING | S50: 서울 강남구 신사동 | T50: Sinsa-dong, Gangnam-gu, Seoul | U50: แขวงซินซา เขตคังนัม กรุงโซล | V50: 37.524573 | W50: 127.0289 | X50: 서울 강남구 논현로 848 8, 9층 | Y50: 8f 9f 848 Nonhyeon-ro, Gangnam-gu, Seoul | Z50: 8f 9f 848 Nonhyeon-ro, Gangnam-gu, Seoul | AB50: 아이팅성형외과는 고객 한 분 한 분을 가족처럼 귀하게 생각하며 모든 고객님들이 만족하실 수 있도록 항상 노력하고 연구합니다. 끊임없는 연구를 통해 시간이 흘러도 변함없는 가치를 선사하겠습니다. | AC50: At Eyeting Plastic Surgery, we value each and every patient as if they were family, and we constantly strive to ensure their satisfaction. Through continuous research, we strive to provide value that endures over time. | AD50: ที่ Eyeting Plastic Surgery เราให้ความสำคัญกับคนไข้ทุกคนเสมือนเป็นครอบครัวเดียวกัน และเรามุ่งมั่นอย่างต่อเนื่องเพื่อให้มั่นใจว่าพวกเขาจะได้รับความพึงพอใจสูงสุด ผ่านการวิจัยอย่างต่อเนื่อง เรามุ่งมั่นที่จะมอบคุณค่าที่ยั่งยืนตลอดไป | AF50: 월 10:00 ~ 19:00 화 10:00 ~ 19:00 수 10:00 ~ 19:00 목 10:00 ~ 19:00 금 10:00 ~ 19:00 토 10:00 ~ 17:00 | AG50: 700 | AH50: =AT50 -> 4.407 | AJ50: 4.8 | AK50: 116 | AL50: 4.68 | AM50: 217 | AN50: 3.9 | AO50: 10 | AP50: 4 | AQ50: 252 | AR50: 80 | AS50: =(AJ50*AK50)+(AL50*AM50)+(AN50*AO50)+(AP50*AQ50)/(AK50+AM50+AO50+AQ50) -> 4.4022857 | AT50: =IF( (AK50*IF(AK50<10,0.5,IF(AK50>=1000,10,IF(AK50>=500,5,IF(AK50>=100,2,1))))) + (AM50*IF(AM50<10,0.5,IF(AM50>=1000,10,IF(AM50>=500,5,IF(AM50>=100,2,1))))) + (AO50*IF(AO50<10,0.5,IF(AO50>=1000,10,IF(AO50>=500,5,IF(AO50>=100,2,1))))) + (AQ50*IF(AQ50<10,0.5,IF(AQ50>=1000,10,IF(AQ50>=500,5,IF(AQ50>=100,2,1))))) =0, "", ROUND( MIN(5, MAX(0, ( AJ50*(AK50*IF(AK50<10,0.5,IF(AK50>=1000,10,IF(AK50>=500,5,IF(AK50>=100,2,1))))) + AL50*(AM50*IF(AM50<10,0.5,IF(AM50>=1000,10,IF(AM50>=500,5,IF(AM50>=100,2,1))))) + AN50*(AO50*IF(AO50<10,0.5,IF(AO50>=1000,10,IF(AO50>=500,5,IF(AO50>=100,2,1))))) + AP50*(AQ50*IF(AQ50<10,0.5,IF(AQ50>=1000,10,IF(AQ50>=500,5,IF(AQ50>=100,2,1))))) ) / ( (AK50*IF(AK50<10,0.5,IF(AK50>=1000,10,IF(AK50>=500,5,IF(AK50>=100,2,1))))) + (AM50*IF(AM50<10,0.5,IF(AM50>=1000,10,IF(AM50>=500,5,IF(AM50>=100,2,1))))) + (AO50*IF(AO50<10,0.5,IF(AO50>=1000,10,IF(AO50>=500,5,IF(AO50>=100,2,1))))) + (AQ50*IF(AQ50<10,0.5,IF(AQ50>=1000,10,IF(AQ50>=500,5,IF(AQ50>=100,2,1))))) ) ) ), 3 ) ) -> 4.407
A51: 15 | E51: =SUM( COUNTIF('리뷰 전체 모음 시트'!H:H, P51) ) -> 20 | F51: O | G51: O | H51: O | K51: O | L51: O | M51: =COUNTIFS('의사 등록'!D:D, P51, '의사 등록'!E:E, "<>") -> 1 | N51: =COUNTIFS('의사 등록'!D:D, P51, '의사 등록'!T:T, "<>") -> 1 | O51: 눈 | P51: 아이큐성형외과의원 | Q51: IQ Plastic Surgery Clinic | R51: คลินิกศัลยกรรมพลาสติกไอคิว | S51: 서울 강남구 신사동 | T51: Sinsa-dong, Gangnam-gu, Seoul | U51: แขวงซินซา เขตคังนัม กรุงโซล | V51: 37.51984 | W51: 127.02014 | X51: 서울 강남구 압구정로2길 28 (신사동) 1~5층 | Y51: 1F~5F 28 Apgujeong-ro 2-gil, Gangnam-gu, Seoul | Z51: 1F~5F 28 Apgujeong-ro 2-gil, Gangnam-gu, Seoul | AB51: 오직 눈수술만을 고집하고 연구하는 당신의 시그니처 눈성형을 위한 주치의 | AC51: Your signature eye plastic surgeon who focuses on and researches only eye surgery. | AD51: ศัลยแพทย์ตกแต่งดวงตาประจำตัวของคุณ ที่มุ่งเน้นและวิจัยเฉพาะทางด้านศัลยกรรมดวงตาเท่านั้น | AF51: 월 10:00~19:00 화 10:00~19:00 수 10:00~19:00 목 10:00~19:00 금 10:00~20:00 토 10:00~16:00 | AG51: 1400 | AH51: =AT51 -> 3.711 | AJ51: 4.5 | AK51: 2 | AM51: 111 | AN51: 3.8 | AO51: 5 | AP51: 4 | AQ51: 570 | AR51: 83 | AS51: =(AJ51*AK51)+(AL51*AM51)+(AN51*AO51)+(AP51*AQ51)/(AK51+AM51+AO51+AQ51) -> 3.3546512 | AT51: =IF( (AK51*IF(AK51<10,0.5,IF(AK51>=1000,10,IF(AK51>=500,5,IF(AK51>=100,2,1))))) + (AM51*IF(AM51<10,0.5,IF(AM51>=1000,10,IF(AM51>=500,5,IF(AM51>=100,2,1))))) + (AO51*IF(AO51<10,0.5,IF(AO51>=1000,10,IF(AO51>=500,5,IF(AO51>=100,2,1))))) + (AQ51*IF(AQ51<10,0.5,IF(AQ51>=1000,10,IF(AQ51>=500,5,IF(AQ51>=100,2,1))))) =0, "", ROUND( MIN(5, MAX(0, ( AJ51*(AK51*IF(AK51<10,0.5,IF(AK51>=1000,10,IF(AK51>=500,5,IF(AK51>=100,2,1))))) + AL51*(AM51*IF(AM51<10,0.5,IF(AM51>=1000,10,IF(AM51>=500,5,IF(AM51>=100,2,1))))) + AN51*(AO51*IF(AO51<10,0.5,IF(AO51>=1000,10,IF(AO51>=500,5,IF(AO51>=100,2,1))))) + AP51*(AQ51*IF(AQ51<10,0.5,IF(AQ51>=1000,10,IF(AQ51>=500,5,IF(AQ51>=100,2,1))))) ) / ( (AK51*IF(AK51<10,0.5,IF(AK51>=1000,10,IF(AK51>=500,5,IF(AK51>=100,2,1))))) + (AM51*IF(AM51<10,0.5,IF(AM51>=1000,10,IF(AM51>=500,5,IF(AM51>=100,2,1))))) + (AO51*IF(AO51<10,0.5,IF(AO51>=1000,10,IF(AO51>=500,5,IF(AO51>=100,2,1))))) + (AQ51*IF(AQ51<10,0.5,IF(AQ51>=1000,10,IF(AQ51>=500,5,IF(AQ51>=100,2,1))))) ) ) ), 3 ) ) -> 3.711
A52: 16 | E52: =SUM( COUNTIF('리뷰 전체 모음 시트'!H:H, P52) ) -> 38 | F52: O | G52: O | H52: O | K52: O | L52: O | M52: =COUNTIFS('의사 등록'!D:D, P52, '의사 등록'!E:E, "<>") -> 5 | N52: =COUNTIFS('의사 등록'!D:D, P52, '의사 등록'!T:T, "<>") -> 5 | O52: 눈, 코 | P52: 에이비성형외과의원 | Q52: AB Plastic Surgery Clinic | R52: คลินิกศัลยกรรมตกแต่ง เอบี | S52: 서울 서초구 서초동 | T52: Seocho-dong, Seocho-gu, Seoul | U52: แขวงซอชโช เขตซอชโช กรุงโซล | V52: 37.499662 | W52: 127.0257 | X52: 서울 서초구 서초대로77길 17 (서초동, BLOCK77) 2-4층 | Y52: 2F - 4F 17 Seocho-daero 77-gil, Seocho-gu, Seoul | Z52: 2F - 4F 17 Seocho-daero 77-gil, Seocho-gu, Seoul | AB52: 더 자연스럽고, 더 화려하게! 그 이상의 아름다움을 위한 에이비성형외과 눈성형·코성형·안면윤곽·가슴성형·남자성형·재수술·피부센터 등 각 분과별 전문 의료진이 만족스러운 결과를 위해 항상 노력하고 있습니다. | AC52: More natural, more glamorous! AB Plastic Surgery strives for beauty beyond expectations. With specialized medical teams in each department—including eye surgery, nose surgery, facial contouring, breast surgery, male plastic surgery, revision surgery, and skin care—we are dedicated to delivering satisfying results. | AD52: เป็นธรรมชาติยิ่งขึ้น สง่างามยิ่งขึ้น! คลินิกศัลยกรรมเอบี เพื่อความงามมากกว่านี้\nมีทีมแพทย์เฉพาะทางในแต่ละสาขา เช่น ศัลยกรรมตา ศัลยกรรมจมูก ศัลยกรรมโครงหน้า ศัลยกรรมหน้าอก ศัลยกรรมสำหรับผู้ชาย ศัลยกรรมเพื่อแก้ไข และคลินิกผิวหนัง ทีมแพทย์ผู้เชี่ยวชาญมุ่งมั่นเพื่อผลลัพธ์ที่น่าพึงพอใจ\n | AF52: {"friday":{"holiday":false,"openTime":"2025-03-28T01:00:00.000Z","closeTime":"2025-03-28T12:00:00.000Z","monday":{"holiday":false,"openTime":"2025-03-28T01:00:00.000Z","closeTime":"2025-03-28T10:00:00.000Z","sunday":{"holiday":true,"tuesday":{"holiday":false,"openTime":"2025-03-28T01:00:00.000Z","closeTime":"2025-03-28T10:00:00.000Z","saturday":{"holiday":false,"openTime":"2025-03-28T01:00:00.000Z","closeTime":"2025-03-28T08:00:00.000Z","thursday":{"holiday":false,"openTime":"2025-03-28T01:00:00.000Z","closeTime":"2025-03-28T10:00:00.000Z","wednesday":{"holiday":false,"openTime":"2025-03-28T01:00:00.000Z","closeTime":"2025-03-28T10:00:00.000Z" | AG52: 600, 2200 | AH52: =AT52 -> 3.28 | AJ52: 4.8 | AK52: 151 | AM52: 474 | AN52: 4 | AO52: 115 | AP52: 3.8 | AQ52: 955 | AR52: 82 | AS52: =(AJ52*AK52)+(AL52*AM52)+(AN52*AO52)+(AP52*AQ52)/(AK52+AM52+AO52+AQ52) -> 2.84 | AT52: =IF( (AK52*IF(AK52<10,0.5,IF(AK52>=1000,10,IF(AK52>=500,5,IF(AK52>=100,2,1))))) + (AM52*IF(AM52<10,0.5,IF(AM52>=1000,10,IF(AM52>=500,5,IF(AM52>=100,2,1))))) + (AO52*IF(AO52<10,0.5,IF(AO52>=1000,10,IF(AO52>=500,5,IF(AO52>=100,2,1))))) + (AQ52*IF(AQ52<10,0.5,IF(AQ52>=1000,10,IF(AQ52>=500,5,IF(AQ52>=100,2,1))))) =0, "", ROUND( MIN(5, MAX(0, ( AJ52*(AK52*IF(AK52<10,0.5,IF(AK52>=1000,10,IF(AK52>=500,5,IF(AK52>=100,2,1))))) + AL52*(AM52*IF(AM52<10,0.5,IF(AM52>=1000,10,IF(AM52>=500,5,IF(AM52>=100,2,1))))) + AN52*(AO52*IF(AO52<10,0.5,IF(AO52>=1000,10,IF(AO52>=500,5,IF(AO52>=100,2,1))))) + AP52*(AQ52*IF(AQ52<10,0.5,IF(AQ52>=1000,10,IF(AQ52>=500,5,IF(AQ52>=100,2,1))))) ) / ( (AK52*IF(AK52<10,0.5,IF(AK52>=1000,10,IF(AK52>=500,5,IF(AK52>=100,2,1))))) + (AM52*IF(AM52<10,0.5,IF(AM52>=1000,10,IF(AM52>=500,5,IF(AM52>=100,2,1))))) + (AO52*IF(AO52<10,0.5,IF(AO52>=1000,10,IF(AO52>=500,5,IF(AO52>=100,2,1))))) + (AQ52*IF(AQ52<10,0.5,IF(AQ52>=1000,10,IF(AQ52>=500,5,IF(AQ52>=100,2,1))))) ) ) ), 3 ) ) -> 3.28 | AV52: APPROVED | AY52: FALSE | AZ52: 32e88b22-9200-4190-8656-08ad07df140c | BA52: 45744.187 | BB52: 45910.072
A53: 17 | E53: =SUM( COUNTIF('리뷰 전체 모음 시트'!H:H, P53) ) -> 20 | F53: O | G53: O | H53: O | K53: O | L53: O | M53: =COUNTIFS('의사 등록'!D:D, P53, '의사 등록'!E:E, "<>") -> 2 | N53: =COUNTIFS('의사 등록'!D:D, P53, '의사 등록'!T:T, "<>") -> 2 | O53: 코 | P53: 프라이빗성형외과의원 | Q53: Private Plastic Surgery | R53: ไพรเวทศัลยกรรมตกแต่ง | S53: 서울 강남구 논현동 | T53: Nonhyeon-dong, Gangnam-gu, Seoul | U53: แขวงนอนฮยอน เขตคังนัม กรุงโซล | V53: 37.515881 | W53: 127.02015 | X53: 서울 강남구 강남대로 606 (논현동, 삼주빌딩) 9층 | Y53: 9f 606 Gangnam-daero, Gangnam-gu, Seoul | Z53: 9f 606 Gangnam-daero, Gangnam-gu, Seoul | AB53: 지금 여기, 당신만을 위한 프라이빗성형외과 신뢰할만한 성형외과, 끝까지 책임지는 의료진 1:1 맞춤성형, 개개인마다 다른 아름다움에 집중합니다. | AC53: Here and now, Private Plastic Surgery is only for you. A trustworthy clinic with medical staff who take full responsibility, providing 1:1 customized surgery that focuses on each individual’s unique beauty. | AD53: ที่นี่และเดี๋ยวนี้ ไพรเวทศัลยกรรมตกแต่ง สำหรับคุณเพียงคนเดียว คลินิกที่น่าเชื่อถือ พร้อมทีมแพทย์ที่รับผิดชอบจนถึงที่สุด มอบการศัลยกรรมแบบเฉพาะบุคคล 1:1 โดยเน้นความงามที่แตกต่างของแต่ละบุคคล | AF53: {"friday":{"openTime":"2025-04-01T01:00:00.000Z","closeTime":"2025-04-01T10:00:00.000Z","monday":{"openTime":"2025-04-01T01:00:00.000Z","closeTime":"2025-04-01T10:00:00.000Z","sunday":{"holiday":true,"tuesday":{"openTime":"2025-04-01T01:00:00.000Z","closeTime":"2025-04-01T10:00:00.000Z","saturday":{"openTime":"2025-04-01T01:00:00.000Z","closeTime":"2025-04-01T07:00:00.000Z","thursday":{"openTime":"2025-04-01T01:00:00.000Z","closeTime":"2025-04-01T10:00:00.000Z","wednesday":{"openTime":"2025-04-01T01:00:00.000Z","closeTime":"2025-04-01T10:00:00.000Z" | AG53: 2300 | AH53: =AT53 -> 4.156 | AJ53: 5 | AK53: 26 | AL53: 4.52 | AM53: 232 | AP53: 4.1 | AQ53: 688 | AR53: 83 | AS53: =(AJ53*AK53)+(AL53*AM53)+(AN53*AO53)+(AP53*AQ53)/(AK53+AM53+AO53+AQ53) -> 4.2277378 | AT53: =IF( (AK53*IF(AK53<10,0.5,IF(AK53>=1000,10,IF(AK53>=500,5,IF(AK53>=100,2,1))))) + (AM53*IF(AM53<10,0.5,IF(AM53>=1000,10,IF(AM53>=500,5,IF(AM53>=100,2,1))))) + (AO53*IF(AO53<10,0.5,IF(AO53>=1000,10,IF(AO53>=500,5,IF(AO53>=100,2,1))))) + (AQ53*IF(AQ53<10,0.5,IF(AQ53>=1000,10,IF(AQ53>=500,5,IF(AQ53>=100,2,1))))) =0, "", ROUND( MIN(5, MAX(0, ( AJ53*(AK53*IF(AK53<10,0.5,IF(AK53>=1000,10,IF(AK53>=500,5,IF(AK53>=100,2,1))))) + AL53*(AM53*IF(AM53<10,0.5,IF(AM53>=1000,10,IF(AM53>=500,5,IF(AM53>=100,2,1))))) + AN53*(AO53*IF(AO53<10,0.5,IF(AO53>=1000,10,IF(AO53>=500,5,IF(AO53>=100,2,1))))) + AP53*(AQ53*IF(AQ53<10,0.5,IF(AQ53>=1000,10,IF(AQ53>=500,5,IF(AQ53>=100,2,1))))) ) / ( (AK53*IF(AK53<10,0.5,IF(AK53>=1000,10,IF(AK53>=500,5,IF(AK53>=100,2,1))))) + (AM53*IF(AM53<10,0.5,IF(AM53>=1000,10,IF(AM53>=500,5,IF(AM53>=100,2,1))))) + (AO53*IF(AO53<10,0.5,IF(AO53>=1000,10,IF(AO53>=500,5,IF(AO53>=100,2,1))))) + (AQ53*IF(AQ53<10,0.5,IF(AQ53>=1000,10,IF(AQ53>=500,5,IF(AQ53>=100,2,1))))) ) ) ), 3 ) ) -> 4.156 | AV53: APPROVED | AY53: FALSE | AZ53: 32e88b22-9200-4190-8656-08ad07df140c | BA53: 45748.321 | BB53: 45856.246
A54: 18 | E54: =SUM( COUNTIF('리뷰 전체 모음 시트'!H:H, P54) ) -> 20 | F54: O | G54: O | H54: O | K54: O | L54: O | M54: =COUNTIFS('의사 등록'!D:D, P54, '의사 등록'!E:E, "<>") -> 4 | N54: =COUNTIFS('의사 등록'!D:D, P54, '의사 등록'!T:T, "<>") -> 4 | O54: 코 | P54: 더도어성형외과의원 | Q54: The Door Plastic Surgery Clinic | R54: คลินิกศัลยกรรมตกแต่ง เดอะดอร์ | S54: 서울 강남구 역삼동 | T54: Yeoksam-dong, Gangnam-gu, Seoul | U54: แขวงย็อกซัม เขตคังนัม กรุงโซล | V54: 37.499044 | W54: 127.02987 | X54: 서울 강남구 테헤란로 115 3층 | Y54: 3F 115 Teheran-ro, Gangnam-gu, Seoul | Z54: 3F 115 Teheran-ro, Gangnam-gu, Seoul | AB54: 대표원장 직접 수술 더도어니까! 예쁠 수 밖에🫶🏻 | AC54: Surgery performed directly by the chief director—because it’s The Door, beauty is guaranteed 🫶🏻 | AD54: เพราะเป็นการผ่าตัดโดยผู้อำนวยการคลินิกโดยตรง จึงสวยอย่างหลีกเลี่ยงไม่ได้🫶🏻 ที่ The Door! | AF54: {"friday":{"holiday":false,"openTime":"2025-04-28T01:00:00.000Z","closeTime":"2025-04-28T10:00:00.000Z","monday":{"holiday":false,"openTime":"2025-04-28T01:00:00.000Z","closeTime":"2025-04-28T10:00:00.000Z","sunday":{"holiday":true,"tuesday":{"holiday":false,"openTime":"2025-04-28T01:00:00.000Z","closeTime":"2025-04-28T10:00:00.000Z","saturday":{"holiday":false,"openTime":"2025-04-28T01:00:00.000Z","closeTime":"2025-04-28T08:00:00.000Z","thursday":{"holiday":false,"openTime":"2025-04-28T01:00:00.000Z","closeTime":"2025-04-28T10:00:00.000Z","wednesday":{"holiday":false,"openTime":"2025-04-28T01:00:00.000Z","closeTime":"2025-04-28T10:00:00.000Z" | AG54: 1900 | AH54: =AT54 -> 3.543 | AJ54: 4 | AK54: 6 | AM54: 130 | AN54: 4.3 | AO54: 21 | AP54: 3.9 | AQ54: 506 | AR54: 82 | AS54: =(AJ54*AK54)+(AL54*AM54)+(AN54*AO54)+(AP54*AQ54)/(AK54+AM54+AO54+AQ54) -> 3.1488688 | AT54: =IF( (AK54*IF(AK54<10,0.5,IF(AK54>=1000,10,IF(AK54>=500,5,IF(AK54>=100,2,1))))) + (AM54*IF(AM54<10,0.5,IF(AM54>=1000,10,IF(AM54>=500,5,IF(AM54>=100,2,1))))) + (AO54*IF(AO54<10,0.5,IF(AO54>=1000,10,IF(AO54>=500,5,IF(AO54>=100,2,1))))) + (AQ54*IF(AQ54<10,0.5,IF(AQ54>=1000,10,IF(AQ54>=500,5,IF(AQ54>=100,2,1))))) =0, "", ROUND( MIN(5, MAX(0, ( AJ54*(AK54*IF(AK54<10,0.5,IF(AK54>=1000,10,IF(AK54>=500,5,IF(AK54>=100,2,1))))) + AL54*(AM54*IF(AM54<10,0.5,IF(AM54>=1000,10,IF(AM54>=500,5,IF(AM54>=100,2,1))))) + AN54*(AO54*IF(AO54<10,0.5,IF(AO54>=1000,10,IF(AO54>=500,5,IF(AO54>=100,2,1))))) + AP54*(AQ54*IF(AQ54<10,0.5,IF(AQ54>=1000,10,IF(AQ54>=500,5,IF(AQ54>=100,2,1))))) ) / ( (AK54*IF(AK54<10,0.5,IF(AK54>=1000,10,IF(AK54>=500,5,IF(AK54>=100,2,1))))) + (AM54*IF(AM54<10,0.5,IF(AM54>=1000,10,IF(AM54>=500,5,IF(AM54>=100,2,1))))) + (AO54*IF(AO54<10,0.5,IF(AO54>=1000,10,IF(AO54>=500,5,IF(AO54>=100,2,1))))) + (AQ54*IF(AQ54<10,0.5,IF(AQ54>=1000,10,IF(AQ54>=500,5,IF(AQ54>=100,2,1))))) ) ) ), 3 ) ) -> 3.543 | AV54: APPROVED | AY54: FALSE | AZ54: 385f03b3-706f-4bc8-8523-56123fe00505 | BA54: 45775.226 | BB54: 45910.105
A55: 19 | E55: =SUM( COUNTIF('리뷰 전체 모음 시트'!H:H, P55) ) -> 20 | F55: O | G55: O | H55: O | K55: O | L55: O | M55: =COUNTIFS('의사 등록'!D:D, P55, '의사 등록'!E:E, "<>") -> 2 | N55: =COUNTIFS('의사 등록'!D:D, P55, '의사 등록'!T:T, "<>") -> 2 | O55: 코 | P55: 위버스성형외과의원 | Q55: Uverse Plastic Surgery Clinic | R55: คลินิกศัลยกรรมตกแต่ง วีเวิร์ส | S55: 서울 강남구 역삼동 | T55: Yeoksam-dong, Gangnam-gu, Seoul | U55: แขวงย็อกซัม เขตคังนัม กรุงโซล | V55: 37.495545 | W55: 127.02926 | X55: 서울 강남구 강남대로 364 (역삼동, 미왕빌딩) 5층 | Y55: 5F, Miwang Building, 364 Gangnam-daero, Yeoksam-dong, Gangnam-gu, Seoul | Z55: 5F, Miwang Building, 364 Gangnam-daero, Yeoksam-dong, Gangnam-gu, Seoul | AB55: your beauty universe! 위버스성형외과입니다 :) 저희 위버스성형외과는 강남역 4번출구에 위치하고 있으며, 눈, 코, 리프팅 유형별 재수술 전담 병원입니다 ❤ | AC55: Your beauty universe! This is Weverse Plastic Surgery :) Located at Exit 4 of Gangnam Station, we specialize in revision surgeries for eyes, nose, and various types of lifting ❤ | AD55: จักรวาลแห่งความงามของคุณ! ที่นี่คือคลินิกศัลยกรรมวีเวิร์ส :)\nคลินิกของเราตั้งอยู่ที่ทางออก 4 สถานีคังนัม\nเชี่ยวชาญด้านศัลยกรรมแก้ไขเฉพาะทางสำหรับตา จมูก และการยกกระชับใบหน้าในแต่ละประเภท ❤\n | AF55: {"friday":{"holiday":false,"openTime":"2025-05-12T01:00:00.000Z","closeTime":"2025-05-12T11:00:00.000Z","monday":{"holiday":false,"openTime":"2025-05-12T01:00:00.000Z","closeTime":"2025-05-12T10:00:00.000Z","sunday":{"holiday":true,"tuesday":{"holiday":false,"openTime":"2025-05-12T01:00:00.000Z","closeTime":"2025-05-12T10:00:00.000Z","saturday":{"holiday":false,"openTime":"2025-05-12T01:00:00.000Z","closeTime":"2025-05-12T08:00:00.000Z","thursday":{"holiday":false,"openTime":"2025-05-12T01:00:00.000Z","closeTime":"2025-05-12T10:00:00.000Z","wednesday":{"holiday":false,"openTime":"2025-05-12T01:00:00.000Z","closeTime":"2025-05-12T10:00:00.000Z" | AG55: 1100 | AH55: =AT55 -> 3.018 | AJ55: 4.6 | AK55: 11 | AM55: 150 | AP55: 4 | AQ55: 452 | AR55: 84 | AS55: =(AJ55*AK55)+(AL55*AM55)+(AN55*AO55)+(AP55*AQ55)/(AK55+AM55+AO55+AQ55) -> 3.0319739 | AT55: =IF( (AK55*IF(AK55<10,0.5,IF(AK55>=1000,10,IF(AK55>=500,5,IF(AK55>=100,2,1))))) + (AM55*IF(AM55<10,0.5,IF(AM55>=1000,10,IF(AM55>=500,5,IF(AM55>=100,2,1))))) + (AO55*IF(AO55<10,0.5,IF(AO55>=1000,10,IF(AO55>=500,5,IF(AO55>=100,2,1))))) + (AQ55*IF(AQ55<10,0.5,IF(AQ55>=1000,10,IF(AQ55>=500,5,IF(AQ55>=100,2,1))))) =0, "", ROUND( MIN(5, MAX(0, ( AJ55*(AK55*IF(AK55<10,0.5,IF(AK55>=1000,10,IF(AK55>=500,5,IF(AK55>=100,2,1))))) + AL55*(AM55*IF(AM55<10,0.5,IF(AM55>=1000,10,IF(AM55>=500,5,IF(AM55>=100,2,1))))) + AN55*(AO55*IF(AO55<10,0.5,IF(AO55>=1000,10,IF(AO55>=500,5,IF(AO55>=100,2,1))))) + AP55*(AQ55*IF(AQ55<10,0.5,IF(AQ55>=1000,10,IF(AQ55>=500,5,IF(AQ55>=100,2,1))))) ) / ( (AK55*IF(AK55<10,0.5,IF(AK55>=1000,10,IF(AK55>=500,5,IF(AK55>=100,2,1))))) + (AM55*IF(AM55<10,0.5,IF(AM55>=1000,10,IF(AM55>=500,5,IF(AM55>=100,2,1))))) + (AO55*IF(AO55<10,0.5,IF(AO55>=1000,10,IF(AO55>=500,5,IF(AO55>=100,2,1))))) + (AQ55*IF(AQ55<10,0.5,IF(AQ55>=1000,10,IF(AQ55>=500,5,IF(AQ55>=100,2,1))))) ) ) ), 3 ) ) -> 3.018 | AV55: APPROVED | AY55: FALSE | AZ55: 385f03b3-706f-4bc8-8523-56123fe00505 | BA55: 45789.326 | BB55: 45910.188
A56: 20 | E56: =SUM( COUNTIF('리뷰 전체 모음 시트'!H:H, P56) ) -> 20 | F56: O | G56: O | H56: O | K56: O | L56: O | M56: =COUNTIFS('의사 등록'!D:D, P56, '의사 등록'!E:E, "<>") -> 4 | N56: =COUNTIFS('의사 등록'!D:D, P56, '의사 등록'!T:T, "<>") -> 4 | O56: 코 | P56: 디에이성형외과의원 | Q56: DA Plastic Surgery Clinic | R56: D.A คลินิกศัลยกรรมตกแต่ง | S56: 서울 강남구 역삼동 | T56: Yeoksam-dong, Gangnam-gu, Seoul | U56: แขวงย็อกซัม เขตคังนัม กรุงโซล | V56: 37.499558 | W56: 127.03166 | X56: 서울 강남구 테헤란로 125 D.A디에이성형외과 | Y56: DA Plastic Surgery,125 Teheran-ro, Gangnam-gu, Seoul | Z56: DA Plastic Surgery,125 Teheran-ro, Gangnam-gu, Seoul | AB56: 디에이성형외과는 기본에 충실한 마음으로 더 완성도 높은 결과를 위해 끊임없이 연구합니다. -전담의료인의 정밀한 진단과 수술 -정직한 상담과 고객맞춤형 수술플랜 -수술방 실명제 -마취통증의학과 전문의 9인 -대학병원급 의료장비와 안심시스템 구비 -체계적인 사후관리시스템 운영\n | AC56: DA Plastic Surgery is committed to the fundamentals and continuously researches to deliver more refined and complete results. Dedicated medical professionals provide precise diagnosis and surgery. We offer honest consultations and customized surgical plans. We operate a real-name system in operating rooms. Our clinic has nine anesthesiology specialists. Equipped with university hospital-level medical equipment and safety systems. We also provide systematic post-operative care programs. | AD56: D.A คลินิกศัลยกรรมตกแต่ง มุ่งมั่นทำการศึกษาและวิจัยอย่างต่อเนื่องเพื่อผลลัพธ์ที่มีความสมบูรณ์แบบมากยิ่งขึ้นด้วยจิตใจที่ยึดมั่นในพื้นฐาน - การวินิจฉัยและการผ่าตัดที่แม่นยำโดยทีมแพทย์เฉพาะทาง - การให้คำปรึกษาที่ซื่อสัตย์และแผนการผ่าตัดที่ปรับให้เหมาะกับลูกค้าแต่ละราย - ระบบเปิดเผยชื่อแพทย์ในห้องผ่าตัด - มีวิสัญญีแพทย์ผู้เชี่ยวชาญ 9 ท่าน - มีอุปกรณ์การแพทย์ระดับโรงพยาบาลมหาวิทยาลัยและระบบความปลอดภัยครบครัน - มีระบบการดูแลหลังผ่าตัดอย่างเป็นระบบ | AF56: {"friday":{"holiday":false,"openTime":"2025-04-28T01:00:00.000Z","closeTime":"2025-04-28T11:00:00.000Z","monday":{"holiday":false,"openTime":"2025-04-28T01:00:00.000Z","closeTime":"2025-04-28T10:00:00.000Z","sunday":{"holiday":true,"tuesday":{"holiday":false,"openTime":"2025-04-28T01:00:00.000Z","closeTime":"2025-04-28T10:00:00.000Z","saturday":{"holiday":false,"openTime":"2025-04-28T01:00:00.000Z","closeTime":"2025-04-28T09:00:00.000Z","thursday":{"holiday":false,"openTime":"2025-04-28T01:00:00.000Z","closeTime":"2025-04-28T10:00:00.000Z","wednesday":{"holiday":false,"openTime":"2025-04-28T01:00:00.000Z","closeTime":"2025-04-28T10:00:00.000Z" | AG56: 1900 | AH56: =AT56 -> 3.866 | AJ56: 4.6 | AK56: 497 | AL56: 4.2 | AM56: 1792 | AN56: 3.1 | AO56: 135 | AP56: 3.6 | AQ56: 2449 | AR56: 82 | AS56: =(AJ56*AK56)+(AL56*AM56)+(AN56*AO56)+(AP56*AQ56)/(AK56+AM56+AO56+AQ56) -> 3.9087831 | AT56: =IF( (AK56*IF(AK56<10,0.5,IF(AK56>=1000,10,IF(AK56>=500,5,IF(AK56>=100,2,1))))) + (AM56*IF(AM56<10,0.5,IF(AM56>=1000,10,IF(AM56>=500,5,IF(AM56>=100,2,1))))) + (AO56*IF(AO56<10,0.5,IF(AO56>=1000,10,IF(AO56>=500,5,IF(AO56>=100,2,1))))) + (AQ56*IF(AQ56<10,0.5,IF(AQ56>=1000,10,IF(AQ56>=500,5,IF(AQ56>=100,2,1))))) =0, "", ROUND( MIN(5, MAX(0, ( AJ56*(AK56*IF(AK56<10,0.5,IF(AK56>=1000,10,IF(AK56>=500,5,IF(AK56>=100,2,1))))) + AL56*(AM56*IF(AM56<10,0.5,IF(AM56>=1000,10,IF(AM56>=500,5,IF(AM56>=100,2,1))))) + AN56*(AO56*IF(AO56<10,0.5,IF(AO56>=1000,10,IF(AO56>=500,5,IF(AO56>=100,2,1))))) + AP56*(AQ56*IF(AQ56<10,0.5,IF(AQ56>=1000,10,IF(AQ56>=500,5,IF(AQ56>=100,2,1))))) ) / ( (AK56*IF(AK56<10,0.5,IF(AK56>=1000,10,IF(AK56>=500,5,IF(AK56>=100,2,1))))) + (AM56*IF(AM56<10,0.5,IF(AM56>=1000,10,IF(AM56>=500,5,IF(AM56>=100,2,1))))) + (AO56*IF(AO56<10,0.5,IF(AO56>=1000,10,IF(AO56>=500,5,IF(AO56>=100,2,1))))) + (AQ56*IF(AQ56<10,0.5,IF(AQ56>=1000,10,IF(AQ56>=500,5,IF(AQ56>=100,2,1))))) ) ) ), 3 ) ) -> 3.866 | AV56: APPROVED | AY56: FALSE | AZ56: 385f03b3-706f-4bc8-8523-56123fe00505 | BA56: 45775.225 | BB56: 45910.096
A57: 21 | E57: =SUM( COUNTIF('리뷰 전체 모음 시트'!H:H, P57) ) -> 20 | F57: O | G57: O | H57: O | K57: O | L57: O | M57: =COUNTIFS('의사 등록'!D:D, P57, '의사 등록'!E:E, "<>") -> 1 | N57: =COUNTIFS('의사 등록'!D:D, P57, '의사 등록'!T:T, "<>") -> 1 | O57: 코 | P57: 더난성형외과의원 | Q57: THE NAN Plastic Surgery | R57: คลินิกศัลยกรรม ดอนัน | S57: 서울 강남구 역삼동 | T57: Yeoksam-dong, Gangnam-gu, Seoul | U57: แขวงย็อกซัม เขตคังนัม กรุงโซล | V57: 37.504516 | W57: 127.0256 | X57: 서울 강남구 봉은사로 108 4층 | Y57: 4F 108 Bongeunsa-ro, Gangnam-gu, Seoul | Z57: 4F 108 Bongeunsa-ro, Gangnam-gu, Seoul | AB57: 더난에서는 환자의 아름다움에 대한 욕구와 전문의의 섬세함이 서로 소통하여 무한 감동을 만들어냅니다. | AC57: At THE NAN, the desire for beauty from our patients and the delicate expertise of our specialists come together to create endless inspiration. | AD57: ที่ดีโอนัน ความปรารถนาในความงามของคนไข้และความละเอียดอ่อนของผู้เชี่ยวชาญได้สื่อสารกันจนก่อให้เกิดแรงบันดาลใจอย่างไม่สิ้นสุด | AF57: {"friday":{"openTime":"2025-04-02T01:00:00.000Z","closeTime":"2025-04-02T10:00:00.000Z","monday":{"openTime":"2025-04-02T01:00:00.000Z","closeTime":"2025-04-02T10:00:00.000Z","sunday":{"holiday":true,"tuesday":{"openTime":"2025-04-02T01:00:00.000Z","closeTime":"2025-04-02T10:00:00.000Z","saturday":{"openTime":"2025-04-02T01:00:00.000Z","closeTime":"2025-04-02T07:00:00.000Z","thursday":{"openTime":"2025-04-02T01:00:00.000Z","closeTime":"2025-04-02T10:00:00.000Z","wednesday":{"openTime":"2025-04-02T01:00:00.000Z","closeTime":"2025-04-02T10:00:00.000Z" | AG57: 1900 | AH57: =AT57 -> 3.495 | AJ57: 0 | AK57: 0 | AM57: 48 | AN57: 4 | AO57: 4 | AP57: 3.8 | AQ57: 273 | AR57: 78 | AS57: =(AJ57*AK57)+(AL57*AM57)+(AN57*AO57)+(AP57*AQ57)/(AK57+AM57+AO57+AQ57) -> 3.2412308 | AT57: =IF( (AK57*IF(AK57<10,0.5,IF(AK57>=1000,10,IF(AK57>=500,5,IF(AK57>=100,2,1))))) + (AM57*IF(AM57<10,0.5,IF(AM57>=1000,10,IF(AM57>=500,5,IF(AM57>=100,2,1))))) + (AO57*IF(AO57<10,0.5,IF(AO57>=1000,10,IF(AO57>=500,5,IF(AO57>=100,2,1))))) + (AQ57*IF(AQ57<10,0.5,IF(AQ57>=1000,10,IF(AQ57>=500,5,IF(AQ57>=100,2,1))))) =0, "", ROUND( MIN(5, MAX(0, ( AJ57*(AK57*IF(AK57<10,0.5,IF(AK57>=1000,10,IF(AK57>=500,5,IF(AK57>=100,2,1))))) + AL57*(AM57*IF(AM57<10,0.5,IF(AM57>=1000,10,IF(AM57>=500,5,IF(AM57>=100,2,1))))) + AN57*(AO57*IF(AO57<10,0.5,IF(AO57>=1000,10,IF(AO57>=500,5,IF(AO57>=100,2,1))))) + AP57*(AQ57*IF(AQ57<10,0.5,IF(AQ57>=1000,10,IF(AQ57>=500,5,IF(AQ57>=100,2,1))))) ) / ( (AK57*IF(AK57<10,0.5,IF(AK57>=1000,10,IF(AK57>=500,5,IF(AK57>=100,2,1))))) + (AM57*IF(AM57<10,0.5,IF(AM57>=1000,10,IF(AM57>=500,5,IF(AM57>=100,2,1))))) + (AO57*IF(AO57<10,0.5,IF(AO57>=1000,10,IF(AO57>=500,5,IF(AO57>=100,2,1))))) + (AQ57*IF(AQ57<10,0.5,IF(AQ57>=1000,10,IF(AQ57>=500,5,IF(AQ57>=100,2,1))))) ) ) ), 3 ) ) -> 3.495 | AV57: APPROVED | AY57: FALSE | AZ57: 32e88b22-9200-4190-8656-08ad07df140c | BA57: 45749.277 | BB57: 45856.251
A58: 22 | E58: =SUM( COUNTIF('리뷰 전체 모음 시트'!H:H, P58) ) -> 20 | F58: O | G58: O | H58: O | K58: O | L58: O | M58: =COUNTIFS('의사 등록'!D:D, P58, '의사 등록'!E:E, "<>") -> 1 | N58: =COUNTIFS('의사 등록'!D:D, P58, '의사 등록'!T:T, "<>") -> 1 | O58: 코 | P58: 첫단추의원 | Q58: 1st Button Rhinoplasty Clinic | R58: คลินิกเสริมจมูกปุ่มที่ 1 | S58: 서울 서초구 반포동 | T58: Banpo-dong, Seocho-gu, Seoul | U58: แขวงบันโพ เขตซอชโช กรุงโซล | V58: 37.505323 | W58: 127.02366 | X58: 서울 서초구 강남대로 483 청호빌딩 12층 | Y58: 12F 483 Gangnam-daero, Seocho-gu, Seoul | Z58: 12F 483 Gangnam-daero, Seocho-gu, Seoul | AB58: 코성형, 결국 '첫단추' | AC58: Rhinoplasty: The 1st Button Rhinoplasty is the Best | AD58: การเสริมจมูก: การเสริมจมูกแบบปุ่มแรกที่ดีที่สุด | AF58: 월 09:30~19:00 화 09:30~19:00 수 휴무 목 09:30~19:00 금 09:30~19:00 토 09:30~16:00 | AG58: 2200 | AH58: =AT58 -> 3.275 | AJ58: 4.9 | AK58: 28 | AM58: 138 | AN58: 4.7 | AO58: 30 | AP58: 4.2 | AQ58: 441 | AR58: 86 | AS58: =(AJ58*AK58)+(AL58*AM58)+(AN58*AO58)+(AP58*AQ58)/(AK58+AM58+AO58+AQ58) -> 3.344427 | AT58: =IF( (AK58*IF(AK58<10,0.5,IF(AK58>=1000,10,IF(AK58>=500,5,IF(AK58>=100,2,1))))) + (AM58*IF(AM58<10,0.5,IF(AM58>=1000,10,IF(AM58>=500,5,IF(AM58>=100,2,1))))) + (AO58*IF(AO58<10,0.5,IF(AO58>=1000,10,IF(AO58>=500,5,IF(AO58>=100,2,1))))) + (AQ58*IF(AQ58<10,0.5,IF(AQ58>=1000,10,IF(AQ58>=500,5,IF(AQ58>=100,2,1))))) =0, "", ROUND( MIN(5, MAX(0, ( AJ58*(AK58*IF(AK58<10,0.5,IF(AK58>=1000,10,IF(AK58>=500,5,IF(AK58>=100,2,1))))) + AL58*(AM58*IF(AM58<10,0.5,IF(AM58>=1000,10,IF(AM58>=500,5,IF(AM58>=100,2,1))))) + AN58*(AO58*IF(AO58<10,0.5,IF(AO58>=1000,10,IF(AO58>=500,5,IF(AO58>=100,2,1))))) + AP58*(AQ58*IF(AQ58<10,0.5,IF(AQ58>=1000,10,IF(AQ58>=500,5,IF(AQ58>=100,2,1))))) ) / ( (AK58*IF(AK58<10,0.5,IF(AK58>=1000,10,IF(AK58>=500,5,IF(AK58>=100,2,1))))) + (AM58*IF(AM58<10,0.5,IF(AM58>=1000,10,IF(AM58>=500,5,IF(AM58>=100,2,1))))) + (AO58*IF(AO58<10,0.5,IF(AO58>=1000,10,IF(AO58>=500,5,IF(AO58>=100,2,1))))) + (AQ58*IF(AQ58<10,0.5,IF(AQ58>=1000,10,IF(AQ58>=500,5,IF(AQ58>=100,2,1))))) ) ) ), 3 ) ) -> 3.275
A59: 23 | E59: =SUM( COUNTIF('리뷰 전체 모음 시트'!H:H, P59) ) -> 20 | F59: O | G59: O | H59: O | K59: O | L59: O | M59: =COUNTIFS('의사 등록'!D:D, P59, '의사 등록'!E:E, "<>") -> 4 | N59: =COUNTIFS('의사 등록'!D:D, P59, '의사 등록'!T:T, "<>") -> 4 | O59: 코 | P59: 히트성형외과의원 | Q59: HIT Plastic Surgery | R59: ศัลยกรรมพลาสติก HIT | S59: 서울 서초구 서초동 | T59: Seocho-dong, Seocho-gu, Seoul | U59: แขวงซอชโช เขตซอชโช กรุงโซล | V59: 37.50256 | W59: 127.02479 | X59: 서울 서초구 서초대로77길 54 . 14층 | Y59: 14F 54 Seocho-daero 77-gil, Seocho-gu, Seoul | Z59: 14F 54 Seocho-daero 77-gil, Seocho-gu, Seoul | AB59: 오직 나만을 위한 차별화된 아름다움 | AC59: A differentiated beauty just for me | AD59: ความงามที่แตกต่างเพื่อฉัน | AF59: 월 10:00~19:00 화 10:00~19:00 수 10:00~19:00 목 10:00~19:00 금 10:00~19:00 토 10:00~16:00 | AG59: 2700 | AH59: =AT59 -> 3.781 | AJ59: 5 | AK59: 4 | AM59: 150 | AN59: 4.8 | AO59: 160 | AP59: 4.1 | AQ59: 505 | AR59: 80 | AS59: =(AJ59*AK59)+(AL59*AM59)+(AN59*AO59)+(AP59*AQ59)/(AK59+AM59+AO59+AQ59) -> 3.490232 | AT59: =IF( (AK59*IF(AK59<10,0.5,IF(AK59>=1000,10,IF(AK59>=500,5,IF(AK59>=100,2,1))))) + (AM59*IF(AM59<10,0.5,IF(AM59>=1000,10,IF(AM59>=500,5,IF(AM59>=100,2,1))))) + (AO59*IF(AO59<10,0.5,IF(AO59>=1000,10,IF(AO59>=500,5,IF(AO59>=100,2,1))))) + (AQ59*IF(AQ59<10,0.5,IF(AQ59>=1000,10,IF(AQ59>=500,5,IF(AQ59>=100,2,1))))) =0, "", ROUND( MIN(5, MAX(0, ( AJ59*(AK59*IF(AK59<10,0.5,IF(AK59>=1000,10,IF(AK59>=500,5,IF(AK59>=100,2,1))))) + AL59*(AM59*IF(AM59<10,0.5,IF(AM59>=1000,10,IF(AM59>=500,5,IF(AM59>=100,2,1))))) + AN59*(AO59*IF(AO59<10,0.5,IF(AO59>=1000,10,IF(AO59>=500,5,IF(AO59>=100,2,1))))) + AP59*(AQ59*IF(AQ59<10,0.5,IF(AQ59>=1000,10,IF(AQ59>=500,5,IF(AQ59>=100,2,1))))) ) / ( (AK59*IF(AK59<10,0.5,IF(AK59>=1000,10,IF(AK59>=500,5,IF(AK59>=100,2,1))))) + (AM59*IF(AM59<10,0.5,IF(AM59>=1000,10,IF(AM59>=500,5,IF(AM59>=100,2,1))))) + (AO59*IF(AO59<10,0.5,IF(AO59>=1000,10,IF(AO59>=500,5,IF(AO59>=100,2,1))))) + (AQ59*IF(AQ59<10,0.5,IF(AQ59>=1000,10,IF(AQ59>=500,5,IF(AQ59>=100,2,1))))) ) ) ), 3 ) ) -> 3.781
A60: 24 | E60: =SUM( COUNTIF('리뷰 전체 모음 시트'!H:H, P60) ) -> 40 | F60: O | G60: O | H60: O | K60: O | L60: O | M60: =COUNTIFS('의사 등록'!D:D, P60, '의사 등록'!E:E, "<>") -> 5 | N60: =COUNTIFS('의사 등록'!D:D, P60, '의사 등록'!T:T, "<>") -> 5 | O60: 코, 가슴 | P60: 나나성형외과의원 | Q60: Nana Plastic Surgery Clinic | R60: คลินิกศัลยกรรม นานะ | S60: 서울 강남구 청담동 | T60: Cheongdam-dong, Gangnam-gu, Seoul | U60: แขวงชองดัม เขตคังนัม กรุงโซล | V60: 37.527323 | W60: 127.0412 | X60: 서울 강남구 압구정로 406 나나성형외과 | Y60: 406 Apgujeong-ro, Gangnam-gu, Seoul | Z60: 406 Apgujeong-ro, Gangnam-gu, Seoul | AB60: NA는 오늘, NA에게 반해버렸다! 각 분야별 전문 의료진이 세심하게 진료하여 만족스러운 결과를 위해 항상 노력하고 있습니다! 새로운 나를 위한 선택! 지금 바로! 나나성형외과를 찾아주세요! | AC60: NA fell in love with NA today! Our specialized medical teams in each field provide meticulous care and continuously strive for satisfying results. A choice for a new me! Right now! Visit Nana Plastic Surgery! | AD60: NA ตกหลุมรัก NA ในวันนี้ Nana Plastic Surgery \n1. การรักษาแบบ 1:1 ที่ปรับให้เหมาะกับคนไข้แต่ละคน \n2. การติดตั้งกล้องวงจรปิดในห้องผ่าตัด การนำระบบชื่อห้องผ่าตัดมาใช้ \n3. แพทย์ผู้เชี่ยวชาญด้านวิสัญญีและยาแก้ปวดประจำการ และสร้างระบบสร้างความอุ่นใจ \n4. ตั้งแต่การให้คำปรึกษาจนถึงการผ่าตัดและการดูแลหลังผ่าตัด! ระบบการแพทย์ที่เป็นระบบ ศัลยกรรมตา ศัลยกรรมจมูก ศัลยกรรมหน้าอก ศัลยกรรมปรับรูปหน้า ศัลยกรรมชาย ยกกระชับ ศัลยกรรมส่วนลำตัว ศัลยกรรมเบ้าตาเล็ก ตรวจหน้าอก ฯลฯ โดยบุคลากรทางการแพทย์เฉพาะทางในแต่ละสาขาให้การรักษาอย่างพิถีพิถัน และมุ่งมั่นสู่ผลลัพธ์ที่น่าพึงพอใจเสมอ! ทางเลือกใหม่เพื่อฉัน! ตอนนี้! เชิญแวะเยี่ยมชมคลินิกศัลยกรรมตกแต่งนานานะคะ ! | AF60: {"friday":{"holiday":false,"openTime":"2025-04-02T01:00:00.000Z","closeTime":"2025-04-02T10:00:00.000Z","monday":{"holiday":false,"openTime":"2025-04-02T01:00:00.000Z","closeTime":"2025-04-02T10:00:00.000Z","sunday":{"holiday":true,"tuesday":{"holiday":false,"openTime":"2025-04-02T01:00:00.000Z","closeTime":"2025-04-02T10:00:00.000Z","saturday":{"holiday":false,"openTime":"2025-04-02T01:00:00.000Z","closeTime":"2025-04-02T10:00:00.000Z","thursday":{"holiday":false,"openTime":"2025-04-02T01:00:00.000Z","closeTime":"2025-04-02T10:00:00.000Z","wednesday":{"holiday":false,"openTime":"2025-04-02T01:00:00.000Z","closeTime":"2025-04-02T10:00:00.000Z" | AG60: 1800, 8600 | AH60: =AT60 -> 3.929 | AJ60: 4.6 | AK60: 235 | AL60: 4.33 | AM60: 846 | AN60: 3.9 | AO60: 86 | AP60: 3.5 | AQ60: 937 | AR60: 77 | AS60: =(AJ60*AK60)+(AL60*AM60)+(AN60*AO60)+(AP60*AQ60)/(AK60+AM60+AO60+AQ60) -> 3.9729468 | AT60: =IF( (AK60*IF(AK60<10,0.5,IF(AK60>=1000,10,IF(AK60>=500,5,IF(AK60>=100,2,1))))) + (AM60*IF(AM60<10,0.5,IF(AM60>=1000,10,IF(AM60>=500,5,IF(AM60>=100,2,1))))) + (AO60*IF(AO60<10,0.5,IF(AO60>=1000,10,IF(AO60>=500,5,IF(AO60>=100,2,1))))) + (AQ60*IF(AQ60<10,0.5,IF(AQ60>=1000,10,IF(AQ60>=500,5,IF(AQ60>=100,2,1))))) =0, "", ROUND( MIN(5, MAX(0, ( AJ60*(AK60*IF(AK60<10,0.5,IF(AK60>=1000,10,IF(AK60>=500,5,IF(AK60>=100,2,1))))) + AL60*(AM60*IF(AM60<10,0.5,IF(AM60>=1000,10,IF(AM60>=500,5,IF(AM60>=100,2,1))))) + AN60*(AO60*IF(AO60<10,0.5,IF(AO60>=1000,10,IF(AO60>=500,5,IF(AO60>=100,2,1))))) + AP60*(AQ60*IF(AQ60<10,0.5,IF(AQ60>=1000,10,IF(AQ60>=500,5,IF(AQ60>=100,2,1))))) ) / ( (AK60*IF(AK60<10,0.5,IF(AK60>=1000,10,IF(AK60>=500,5,IF(AK60>=100,2,1))))) + (AM60*IF(AM60<10,0.5,IF(AM60>=1000,10,IF(AM60>=500,5,IF(AM60>=100,2,1))))) + (AO60*IF(AO60<10,0.5,IF(AO60>=1000,10,IF(AO60>=500,5,IF(AO60>=100,2,1))))) + (AQ60*IF(AQ60<10,0.5,IF(AQ60>=1000,10,IF(AQ60>=500,5,IF(AQ60>=100,2,1))))) ) ) ), 3 ) ) -> 3.929 | AV60: APPROVED | AY60: FALSE | AZ60: a1901c00-43fb-44ee-a2cd-2ddafd11f7bd | BA60: 45749.187 | BB60: 45910.18
A61: 25 | E61: =SUM( COUNTIF('리뷰 전체 모음 시트'!H:H, P61) ) -> 20 | F61: O | G61: O | H61: O | K61: O | L61: O | M61: =COUNTIFS('의사 등록'!D:D, P61, '의사 등록'!E:E, "<>") -> 4 | N61: =COUNTIFS('의사 등록'!D:D, P61, '의사 등록'!T:T, "<>") -> 4 | O61: 가슴 | P61: 라비앙성형외과의원 | Q61: Lavian Plastic Surgery Clinic | R61: Lavian ศัลยกรรมตกแต่งคลินิก | S61: 서울 강남구 신사동 | T61: Sinsa-dong, Gangnam-gu, Seoul | U61: แขวงซินซา เขตคังนัม กรุงโซล | V61: 37.524105 | W61: 127.03896 | X61: 서울특별시 강남구 선릉로 805 w빌딩 지하 1층, 3층, 4층 | Y61: 805 Seolleung-ro, Gangnam-gu, Seoul | Z61: 805 Seolleung-ro, Gangnam-gu, Seoul | AB61: 아름다운 인연이 시작되는 곳, 라비앙성형외과입니다. | AC61: Lavieen Plastic Surgery, the place where beautiful connections begin. | AD61: สถานที่ที่ความงามเริ่มต้นขึ้น — นี่คือ La Bien ศัลยกรรมตกแต่งคลินิก | AF61: {"friday":{"holiday":false,"openTime":"2025-07-29T00:30:00.000Z","closeTime":"2025-07-29T09:30:00.000Z","monday":{"holiday":false,"openTime":"2025-07-29T00:30:00.000Z","closeTime":"2025-07-29T09:30:00.000Z","sunday":{"holiday":true,"tuesday":{"holiday":false,"openTime":"2025-07-29T00:30:00.000Z","closeTime":"2025-07-29T09:30:00.000Z","saturday":{"holiday":false,"openTime":"2025-07-29T00:00:00.000Z","closeTime":"2025-07-29T07:00:00.000Z","thursday":{"holiday":false,"openTime":"2025-07-29T00:30:00.000Z","closeTime":"2025-07-29T09:30:00.000Z","wednesday":{"holiday":false,"openTime":"2025-07-29T00:30:00.000Z","closeTime":"2025-07-29T09:30:00.000Z" | AG61: 3100 | AH61: =AT61 -> 0.844 | AJ61: 4.8 | AK61: 134 | AM61: 564 | AN61: 4 | AO61: 4 | AP61: 3.8 | AQ61: 222 | AR61: 79 | AS61: =(AJ61*AK61)+(AL61*AM61)+(AN61*AO61)+(AP61*AQ61)/(AK61+AM61+AO61+AQ61) -> 1.6264069 | AT61: =IF( (AK61*IF(AK61<10,0.5,IF(AK61>=1000,10,IF(AK61>=500,5,IF(AK61>=100,2,1))))) + (AM61*IF(AM61<10,0.5,IF(AM61>=1000,10,IF(AM61>=500,5,IF(AM61>=100,2,1))))) + (AO61*IF(AO61<10,0.5,IF(AO61>=1000,10,IF(AO61>=500,5,IF(AO61>=100,2,1))))) + (AQ61*IF(AQ61<10,0.5,IF(AQ61>=1000,10,IF(AQ61>=500,5,IF(AQ61>=100,2,1))))) =0, "", ROUND( MIN(5, MAX(0, ( AJ61*(AK61*IF(AK61<10,0.5,IF(AK61>=1000,10,IF(AK61>=500,5,IF(AK61>=100,2,1))))) + AL61*(AM61*IF(AM61<10,0.5,IF(AM61>=1000,10,IF(AM61>=500,5,IF(AM61>=100,2,1))))) + AN61*(AO61*IF(AO61<10,0.5,IF(AO61>=1000,10,IF(AO61>=500,5,IF(AO61>=100,2,1))))) + AP61*(AQ61*IF(AQ61<10,0.5,IF(AQ61>=1000,10,IF(AQ61>=500,5,IF(AQ61>=100,2,1))))) ) / ( (AK61*IF(AK61<10,0.5,IF(AK61>=1000,10,IF(AK61>=500,5,IF(AK61>=100,2,1))))) + (AM61*IF(AM61<10,0.5,IF(AM61>=1000,10,IF(AM61>=500,5,IF(AM61>=100,2,1))))) + (AO61*IF(AO61<10,0.5,IF(AO61>=1000,10,IF(AO61>=500,5,IF(AO61>=100,2,1))))) + (AQ61*IF(AQ61<10,0.5,IF(AQ61>=1000,10,IF(AQ61>=500,5,IF(AQ61>=100,2,1))))) ) ) ), 3 ) ) -> 0.844 | AV61: APPROVED | AY61: FALSE | AZ61: c54ce51a-d567-46ba-8f3f-1561a19b562f | BA61: 45867.047 | BB61: 45910.312
A62: 26 | E62: =SUM( COUNTIF('리뷰 전체 모음 시트'!H:H, P62) ) -> 20 | F62: O | G62: O | H62: O | K62: O | L62: O | M62: =COUNTIFS('의사 등록'!D:D, P62, '의사 등록'!E:E, "<>") -> 4 | N62: =COUNTIFS('의사 등록'!D:D, P62, '의사 등록'!T:T, "<>") -> 4 | O62: 가슴 | P62: 뷰성형외과의원 | Q62: View Plastic Surgery Clinic | R62: View ศัลยกรรมตกแต่งคลินิก | S62: 서울 강남구 논현동 | T62: Nonhyeon-dong, Gangnam-gu, Seoul | U62: แขวงนอนฮยอน เขตคังนัม กรุงโซล | V62: 37.504993 | W62: 127.02536 | X62: 서울 강남구 봉은사로 107 (논현동) 뷰성형외과의원 (논현동 201-16) | Y62: 107 Bongeunsa-ro, Gangnam-gu, Seoul | Z62: 107 Bongeunsa-ro, Gangnam-gu, Seoul | AB62: 뷰성형외과는 2005년 개원하여 가슴성형, 안면윤곽, 양악수술, 눈코성형, 지방흡입 등 모든 분야에서 고른 발전과 성장을 꾸준히 이어나가 성형 종합병원으로서의 면모를 갖추게 되었습니다. 안전원칙을 우선으로 고객님들께 보다 나은 의료서비스를 제공하며 만족스러운 결과를 드릴수 있도록 최선을 다하겠습니다 :) | AC62: Since its opening in 2005, View Plastic Surgery has steadily achieved balanced growth and development across all fields, including breast surgery, facial contouring, orthognathic surgery, eye and nose surgery, and liposuction, establishing itself as a comprehensive plastic surgery hospital. With safety as our top priority, we strive to provide better medical services and deliver satisfying results to our patients :) | AD62: View ศัลยกรรมตกแต่งคลินิก ก่อตั้งขึ้นในปี 2005\nมีความเชี่ยวชาญหลากหลายด้าน เช่น ศัลยกรรมหน้าอก, โครงหน้า, ขากรรไกร, ตาและจมูก รวมถึงดูดไขมัน\nพัฒนาอย่างต่อเนื่องจนกลายเป็นโรงพยาบาลศัลยกรรมแบบครบวงจร\nเรายึดหลักความปลอดภัยเป็นอันดับแรก และมุ่งมั่นให้บริการทางการแพทย์ที่ดียิ่งขึ้น\nเพื่อให้ผลลัพธ์ที่น่าพึงพอใจแก่ผู้รับบริการค่ะ :) | AF62: {"friday":{"holiday":false,"openTime":"2025-07-31T01:00:00.000Z","closeTime":"2025-07-31T12:00:00.000Z","monday":{"holiday":false,"openTime":"2025-07-31T01:00:00.000Z","closeTime":"2025-07-31T10:00:00.000Z","sunday":{"holiday":true,"tuesday":{"holiday":false,"openTime":"2025-07-31T01:00:00.000Z","closeTime":"2025-07-31T10:00:00.000Z","saturday":{"holiday":false,"openTime":"2025-07-31T01:00:00.000Z","closeTime":"2025-07-31T08:00:00.000Z","thursday":{"holiday":false,"openTime":"2025-07-31T01:00:00.000Z","closeTime":"2025-07-31T10:00:00.000Z","wednesday":{"holiday":false,"openTime":"2025-07-31T01:00:00.000Z","closeTime":"2025-07-31T10:00:00.000Z" | AG62: 9400 | AH62: =AT62 -> 4.273 | AJ62: 4.9 | AK62: 34 | AL62: 4.41 | AM62: 764 | AP62: 3.7 | AQ62: 477 | AR62: 78 | AS62: =(AJ62*AK62)+(AL62*AM62)+(AN62*AO62)+(AP62*AQ62)/(AK62+AM62+AO62+AQ62) -> 4.1574431 | AT62: =IF( (AK62*IF(AK62<10,0.5,IF(AK62>=1000,10,IF(AK62>=500,5,IF(AK62>=100,2,1))))) + (AM62*IF(AM62<10,0.5,IF(AM62>=1000,10,IF(AM62>=500,5,IF(AM62>=100,2,1))))) + (AO62*IF(AO62<10,0.5,IF(AO62>=1000,10,IF(AO62>=500,5,IF(AO62>=100,2,1))))) + (AQ62*IF(AQ62<10,0.5,IF(AQ62>=1000,10,IF(AQ62>=500,5,IF(AQ62>=100,2,1))))) =0, "", ROUND( MIN(5, MAX(0, ( AJ62*(AK62*IF(AK62<10,0.5,IF(AK62>=1000,10,IF(AK62>=500,5,IF(AK62>=100,2,1))))) + AL62*(AM62*IF(AM62<10,0.5,IF(AM62>=1000,10,IF(AM62>=500,5,IF(AM62>=100,2,1))))) + AN62*(AO62*IF(AO62<10,0.5,IF(AO62>=1000,10,IF(AO62>=500,5,IF(AO62>=100,2,1))))) + AP62*(AQ62*IF(AQ62<10,0.5,IF(AQ62>=1000,10,IF(AQ62>=500,5,IF(AQ62>=100,2,1))))) ) / ( (AK62*IF(AK62<10,0.5,IF(AK62>=1000,10,IF(AK62>=500,5,IF(AK62>=100,2,1))))) + (AM62*IF(AM62<10,0.5,IF(AM62>=1000,10,IF(AM62>=500,5,IF(AM62>=100,2,1))))) + (AO62*IF(AO62<10,0.5,IF(AO62>=1000,10,IF(AO62>=500,5,IF(AO62>=100,2,1))))) + (AQ62*IF(AQ62<10,0.5,IF(AQ62>=1000,10,IF(AQ62>=500,5,IF(AQ62>=100,2,1))))) ) ) ), 3 ) ) -> 4.273 | AV62: APPROVED | AY62: FALSE | AZ62: c54ce51a-d567-46ba-8f3f-1561a19b562f | BA62: 45869.207 | BB62: 45910.336
A63: 27 | E63: =SUM( COUNTIF('리뷰 전체 모음 시트'!H:H, P63) ) -> 20 | F63: O | G63: O | H63: O | K63: O | L63: O | M63: =COUNTIFS('의사 등록'!D:D, P63, '의사 등록'!E:E, "<>") -> 3 | N63: =COUNTIFS('의사 등록'!D:D, P63, '의사 등록'!T:T, "<>") -> 3 | O63: 가슴 | P63: 엠디외과의원 | Q63: MD Breast Surgery Clinic | R63: คลินิกศัลยกรรมเอ็มดี | S63: 서울 강남구 청담동 | T63: Cheongdam-dong, Gangnam-gu, Seoul | U63: แขวงชองดัม เขตคังนัม กรุงโซล | V63: 37.524519 | W63: 127.03978 | X63: 서울 강남구 선릉로 814 (청담동, 엠디가슴성형센터빌딩) 3~8층 | Y63: 3F-8F 814 Seolleung-ro, Gangnam-gu, Seoul | Z63: 3F-8F 814 Seolleung-ro, Gangnam-gu, Seoul | AB63: 2001년부터 오직 가슴성형만! 유방검진-안심수술-사후관리까지 원스톱 시스템! AS 보장! [진료항목] 가슴확대 / 가슴재수술 / 가슴축소 / 처진가슴 / 유방재건 등 | AC63: Since 2001, dedicated solely to breast surgery! A one-stop system from breast screening to safe surgery and post-operative care, with guaranteed after-service. [Treatment Areas] Breast augmentation / Breast revision / Breast reduction / Sagging breast correction / Breast reconstruction, etc. | AD63: เชี่ยวชาญเฉพาะด้านศัลยกรรมหน้าอกมาตั้งแต่ปี 2001!\nระบบครบวงจรตั้งแต่ตรวจเต้านม-ศัลยกรรมที่ปลอดภัย-การดูแลหลังผ่าตัด พร้อมการรับประกัน AS!\n[รายการรักษา] เสริมหน้าอก / ศัลยกรรมแก้ไขหน้าอก / ลดขนาดหน้าอก / หน้าอกหย่อนคล้อย / สร้างหน้าอกใหม่ | AF63: {"friday":{"holiday":false,"openTime":"2025-03-28T00:00:00.000Z","closeTime":"2025-03-28T09:00:00.000Z","monday":{"holiday":false,"openTime":"2025-03-28T00:00:00.000Z","closeTime":"2025-03-28T09:00:00.000Z","sunday":{"holiday":true,"tuesday":{"holiday":false,"openTime":"2025-03-28T00:00:00.000Z","closeTime":"2025-03-28T09:00:00.000Z","saturday":{"holiday":false,"openTime":"2025-03-28T00:00:00.000Z","closeTime":"2025-03-28T07:00:00.000Z","thursday":{"holiday":false,"openTime":"2025-03-28T00:00:00.000Z","closeTime":"2025-03-28T09:00:00.000Z","wednesday":{"holiday":true | AG63: 12800 | AH63: =AT63 -> 4.67 | AJ63: 4.2 | AK63: 5 | AL63: 4.81 | AM63: 297 | AN63: 3 | AO63: 2 | AP63: 3.6 | AQ63: 75 | AR63: 77 | AS63: =(AJ63*AK63)+(AL63*AM63)+(AN63*AO63)+(AP63*AQ63)/(AK63+AM63+AO63+AQ63) -> 4.5529551 | AT63: =IF( (AK63*IF(AK63<10,0.5,IF(AK63>=1000,10,IF(AK63>=500,5,IF(AK63>=100,2,1))))) + (AM63*IF(AM63<10,0.5,IF(AM63>=1000,10,IF(AM63>=500,5,IF(AM63>=100,2,1))))) + (AO63*IF(AO63<10,0.5,IF(AO63>=1000,10,IF(AO63>=500,5,IF(AO63>=100,2,1))))) + (AQ63*IF(AQ63<10,0.5,IF(AQ63>=1000,10,IF(AQ63>=500,5,IF(AQ63>=100,2,1))))) =0, "", ROUND( MIN(5, MAX(0, ( AJ63*(AK63*IF(AK63<10,0.5,IF(AK63>=1000,10,IF(AK63>=500,5,IF(AK63>=100,2,1))))) + AL63*(AM63*IF(AM63<10,0.5,IF(AM63>=1000,10,IF(AM63>=500,5,IF(AM63>=100,2,1))))) + AN63*(AO63*IF(AO63<10,0.5,IF(AO63>=1000,10,IF(AO63>=500,5,IF(AO63>=100,2,1))))) + AP63*(AQ63*IF(AQ63<10,0.5,IF(AQ63>=1000,10,IF(AQ63>=500,5,IF(AQ63>=100,2,1))))) ) / ( (AK63*IF(AK63<10,0.5,IF(AK63>=1000,10,IF(AK63>=500,5,IF(AK63>=100,2,1))))) + (AM63*IF(AM63<10,0.5,IF(AM63>=1000,10,IF(AM63>=500,5,IF(AM63>=100,2,1))))) + (AO63*IF(AO63<10,0.5,IF(AO63>=1000,10,IF(AO63>=500,5,IF(AO63>=100,2,1))))) + (AQ63*IF(AQ63<10,0.5,IF(AQ63>=1000,10,IF(AQ63>=500,5,IF(AQ63>=100,2,1))))) ) ) ), 3 ) ) -> 4.67 | AV63: APPROVED | AY63: FALSE | AZ63: a1901c00-43fb-44ee-a2cd-2ddafd11f7bd | BA63: 45744.053 | BB63: 45910.326
A64: 28 | E64: =SUM( COUNTIF('리뷰 전체 모음 시트'!H:H, P64) ) -> 20 | F64: O | G64: O | H64: O | K64: O | L64: O | M64: =COUNTIFS('의사 등록'!D:D, P64, '의사 등록'!E:E, "<>") -> 2 | N64: =COUNTIFS('의사 등록'!D:D, P64, '의사 등록'!T:T, "<>") -> 2 | O64: 가슴 | P64: 노트성형외과의원 | Q64: Note Plastic Surgery | R64: โน้ตคลินิกศัลยกรรมตกแต่ง | S64: 서울 서초구 잠원동 | T64: Jamwon-dong, Seocho-gu, Seoul | U64: แขวงจัมวอน เขตซอชโช กรุงโซล | V64: 37.511962 | W64: 127.02052 | X64: 서울 서초구 강남대로 563 페이토플라자 12층~15층 | Y64: 12F - 15F 563 Gangnam-daero, Seocho-gu, Seoul | Z64: 12F - 15F 563 Gangnam-daero, Seocho-gu, Seoul | AB64: 대형병원 출신의 성형외과 전문의 2인이 구현한 부띠끄 성형외과. 진료과목 별 전담의 시스템. 마취과 전문의 상주. 디자인 미학과 수술 실력, 안전시스템을 고루 갖춘, 확실한 아름다움과 만나는 곳 | AC64: A boutique plastic surgery clinic founded by two board-certified plastic surgeons from major hospitals. With a system of dedicated specialists for each treatment field and a full-time anesthesiologist on staff, Note Plastic Surgery combines aesthetic design, surgical expertise, and a comprehensive safety system to deliver true and lasting beauty. | AD64: คลินิกศัลยกรรมตกแต่งบูติก ก่อตั้งโดยศัลยแพทย์ตกแต่ง 2 ท่านจากโรงพยาบาลขนาดใหญ่ พร้อมระบบแพทย์ผู้เชี่ยวชาญดูแลเฉพาะแต่ละสาขา และมีวิสัญญีแพทย์ประจำตลอดเวลา โน้ตคลินิกศัลยกรรมตกแต่งผสานศิลปะการออกแบบ ความเชี่ยวชาญด้านการผ่าตัด และระบบความปลอดภัยครบถ้วน เพื่อมอบความงามที่แท้จริงและยั่งยืน | AF64: {"friday":{"openTime":"2025-04-02T00:00:00.000Z","closeTime":"2025-04-02T11:30:00.000Z","monday":{"openTime":"2025-04-02T00:00:00.000Z","closeTime":"2025-04-02T09:00:00.000Z","sunday":{"holiday":true,"tuesday":{"openTime":"2025-04-02T00:00:00.000Z","closeTime":"2025-04-02T09:00:00.000Z","saturday":{"openTime":"2025-04-02T00:00:00.000Z","closeTime":"2025-04-02T07:00:00.000Z","thursday":{"openTime":"2025-04-02T00:00:00.000Z","closeTime":"2025-04-02T09:00:00.000Z","wednesday":{"openTime":"2025-04-02T00:00:00.000Z","closeTime":"2025-04-02T09:00:00.000Z" | AG64: 8600 | AH64: =AT64 -> 3.538 | AJ64: 4.8 | AK64: 34 | AM64: 339 | AN64: 2.1 | AO64: 11 | AP64: 4.2 | AQ64: 717 | AR64: 86 | AS64: =(AJ64*AK64)+(AL64*AM64)+(AN64*AO64)+(AP64*AQ64)/(AK64+AM64+AO64+AQ64) -> 2.9043597 | AT64: =IF( (AK64*IF(AK64<10,0.5,IF(AK64>=1000,10,IF(AK64>=500,5,IF(AK64>=100,2,1))))) + (AM64*IF(AM64<10,0.5,IF(AM64>=1000,10,IF(AM64>=500,5,IF(AM64>=100,2,1))))) + (AO64*IF(AO64<10,0.5,IF(AO64>=1000,10,IF(AO64>=500,5,IF(AO64>=100,2,1))))) + (AQ64*IF(AQ64<10,0.5,IF(AQ64>=1000,10,IF(AQ64>=500,5,IF(AQ64>=100,2,1))))) =0, "", ROUND( MIN(5, MAX(0, ( AJ64*(AK64*IF(AK64<10,0.5,IF(AK64>=1000,10,IF(AK64>=500,5,IF(AK64>=100,2,1))))) + AL64*(AM64*IF(AM64<10,0.5,IF(AM64>=1000,10,IF(AM64>=500,5,IF(AM64>=100,2,1))))) + AN64*(AO64*IF(AO64<10,0.5,IF(AO64>=1000,10,IF(AO64>=500,5,IF(AO64>=100,2,1))))) + AP64*(AQ64*IF(AQ64<10,0.5,IF(AQ64>=1000,10,IF(AQ64>=500,5,IF(AQ64>=100,2,1))))) ) / ( (AK64*IF(AK64<10,0.5,IF(AK64>=1000,10,IF(AK64>=500,5,IF(AK64>=100,2,1))))) + (AM64*IF(AM64<10,0.5,IF(AM64>=1000,10,IF(AM64>=500,5,IF(AM64>=100,2,1))))) + (AO64*IF(AO64<10,0.5,IF(AO64>=1000,10,IF(AO64>=500,5,IF(AO64>=100,2,1))))) + (AQ64*IF(AQ64<10,0.5,IF(AQ64>=1000,10,IF(AQ64>=500,5,IF(AQ64>=100,2,1))))) ) ) ), 3 ) ) -> 3.538 | AV64: APPROVED | AY64: FALSE | AZ64: 32e88b22-9200-4190-8656-08ad07df140c | BA64: 45749.242 | BB64: 45856.246
A65: 29 | E65: =SUM( COUNTIF('리뷰 전체 모음 시트'!H:H, P65) ) -> 20 | F65: O | G65: O | H65: O | K65: O | L65: O | M65: =COUNTIFS('의사 등록'!D:D, P65, '의사 등록'!E:E, "<>") -> 5 | N65: =COUNTIFS('의사 등록'!D:D, P65, '의사 등록'!T:T, "<>") -> 5 | O65: 가슴 | P65: 에이트성형외과의원 | Q65: Eight Plastic Surgery Clinic | R65: Eight ศัลยกรรมตกแต่งคลินิก | S65: 서울 서초구 신사동 | T65: Sinsa-dong, Gangnam-gu, Seoul | U65: แขวงซินซา เขตคังนัม กรุงโซล | V65: 37.522425 | W65: 127.02849 | X65: 서울 강남구 논현로 828 (신사동) 1층, 2층 | Y65: 1F, 2F 828 Nonhyeon-ro, Gangnam-gu, Seoul | Z65: 1F, 2F 828 Nonhyeon-ro, Gangnam-gu, Seoul | AB65: 여러분의 행복을 위해 항상 노력하는 에이트성형외과입니다. 에이트성형외과는 각 분야별 숙련된 진료경험을 가진 성형외과 전문의가 고객 개개인에 맞는 1:1 맞춤 수술을 진행하고 있습니다. 눈성형, 코성형, 가슴성형, 리프팅, 윤곽성형, 동안성형 등 각 분야의 대표원장이 진단부터 수술 후 회복과 치료 과정까지 협진하여 진행하고 있습니다. 개인전담의 시스템으로 상담과 수술, 경과까지 모든 과정을 전담합니다. | AC65: Eight Plastic Surgery is always striving for your happiness. Our board-certified plastic surgeons, each with extensive experience in their respective specialties, provide personalized 1:1 surgeries tailored to each patient. From eye surgery, nose surgery, breast surgery, lifting, facial contouring, to anti-aging procedures, our chief directors collaborate from diagnosis to surgery, recovery, and treatment. With our dedicated physician system, we take full responsibility for every step—from consultation to surgery and follow-up care. | AD65: Eight ศัลยกรรมตกแต่งคลินิก มุ่งมั่นเพื่อความสุขของคุณเสมอ\nเราให้บริการโดยศัลยแพทย์เฉพาะทางที่มีประสบการณ์ความชำนาญในแต่ละสาขา\nและดำเนินการผ่าตัดเฉพาะบุคคลแบบ 1:1 ตามความต้องการของแต่ละคน\nไม่ว่าจะเป็นศัลยกรรมตา ศัลยกรรมจมูก ศัลยกรรมหน้าอก ลิฟติ้ง โครงหน้า หรือศัลยกรรมย้อนวัย\nแพทย์ประจำแต่ละสาขาจะร่วมกันดูแลตั้งแต่การวินิจฉัย\nไปจนถึงการผ่าตัด การฟื้นตัว และการติดตามผลอย่างครบถ้วน\nเรามีระบบดูแลแบบแพทย์ประจำตัว ที่รับผิดชอบทุกขั้นตอนตั้งแต่การปรึกษา\nการผ่าตัด ไปจนถึงการติดตามอาการ | AF65: {"friday":{"holiday":false,"openTime":"2025-07-07T01:00:00.000Z","closeTime":"2025-07-07T10:00:00.000Z","monday":{"holiday":false,"openTime":"2025-07-07T01:00:00.000Z","closeTime":"2025-07-07T10:00:00.000Z","sunday":{"holiday":true,"tuesday":{"holiday":false,"openTime":"2025-07-07T01:00:00.000Z","closeTime":"2025-07-07T10:00:00.000Z","saturday":{"holiday":false,"openTime":"2025-07-07T01:00:00.000Z","closeTime":"2025-07-07T07:00:00.000Z","thursday":{"holiday":false,"openTime":"2025-07-07T01:00:00.000Z","closeTime":"2025-07-07T10:00:00.000Z","wednesday":{"holiday":false,"openTime":"2025-07-07T01:00:00.000Z","closeTime":"2025-07-07T10:00:00.000Z" | AG65: 8200 | AH65: =AT65 -> 3.955 | AJ65: 4.7 | AK65: 69 | AL65: 4.26 | AM65: 537 | AN65: 4.3 | AO65: 67 | AP65: 3.7 | AQ65: 699 | AR65: 78 | AS65: =(AJ65*AK65)+(AL65*AM65)+(AN65*AO65)+(AP65*AQ65)/(AK65+AM65+AO65+AQ65) -> 3.9987755 | AT65: =IF( (AK65*IF(AK65<10,0.5,IF(AK65>=1000,10,IF(AK65>=500,5,IF(AK65>=100,2,1))))) + (AM65*IF(AM65<10,0.5,IF(AM65>=1000,10,IF(AM65>=500,5,IF(AM65>=100,2,1))))) + (AO65*IF(AO65<10,0.5,IF(AO65>=1000,10,IF(AO65>=500,5,IF(AO65>=100,2,1))))) + (AQ65*IF(AQ65<10,0.5,IF(AQ65>=1000,10,IF(AQ65>=500,5,IF(AQ65>=100,2,1))))) =0, "", ROUND( MIN(5, MAX(0, ( AJ65*(AK65*IF(AK65<10,0.5,IF(AK65>=1000,10,IF(AK65>=500,5,IF(AK65>=100,2,1))))) + AL65*(AM65*IF(AM65<10,0.5,IF(AM65>=1000,10,IF(AM65>=500,5,IF(AM65>=100,2,1))))) + AN65*(AO65*IF(AO65<10,0.5,IF(AO65>=1000,10,IF(AO65>=500,5,IF(AO65>=100,2,1))))) + AP65*(AQ65*IF(AQ65<10,0.5,IF(AQ65>=1000,10,IF(AQ65>=500,5,IF(AQ65>=100,2,1))))) ) / ( (AK65*IF(AK65<10,0.5,IF(AK65>=1000,10,IF(AK65>=500,5,IF(AK65>=100,2,1))))) + (AM65*IF(AM65<10,0.5,IF(AM65>=1000,10,IF(AM65>=500,5,IF(AM65>=100,2,1))))) + (AO65*IF(AO65<10,0.5,IF(AO65>=1000,10,IF(AO65>=500,5,IF(AO65>=100,2,1))))) + (AQ65*IF(AQ65<10,0.5,IF(AQ65>=1000,10,IF(AQ65>=500,5,IF(AQ65>=100,2,1))))) ) ) ), 3 ) ) -> 3.955 | AV65: APPROVED | AY65: FALSE | AZ65: c54ce51a-d567-46ba-8f3f-1561a19b562f | BA65: 45845.274 | BB65: 45910.334
